Name,Tm,OppTeam,1B,2B,3B,HR,H,R,RBI,HpRR,TBAv,XBH,14D,TBVol,AAvg,vOBA,xSABER,xSTAT,uLK,xRC,OVR,OppPitcher,Opp_rXBH,Opp_rAVG,Opp_rHR,Opp_rERA,Date Today
Tyler Black,MIL,NYY,0.6,0.5,0.0,0.0,1.125,0.3,0.9,2.25,1.625,0.125,0.000,1.625,0.1875,0.27,0.11,0.6,0.4005,0.75,0.06725555555555551,Cam Schlittler,,0,0,0,2026-05-09 00:00:00
Bryce Johnson,SDP,STL,0.2,0.2,0.0,0.0,0.3846153846153846,0.3,0.1,0.7692307692307692,0.5384615384615387,0.3076923076923077,0.000,0.8545115384615387,0.314,0.87625,0.52,0.9,0.395,0.313,0.21702055555555555,Dustin May,1.0769230769230769,0.315,0.6,5.18,2026-05-09 00:00:00
James McCann,ARI,NYM,0.3,0.1,0.0,0.0,0.4285714285714285,0.1,0.3,0.7857142857142856,0.5714285714285713,0.07142857142857141,0.000,0.7261285714285712,0.199,0.8209500000000001,0.27,0.6,0.33686,0.11953846153846154,0.02597888034188034,Clay Holmes,0.14285714285714285,0.176,0.5,1.4,2026-05-09 00:00:00
Dane Myers,CIN,HOU,0.4,0.0,0.0,0.0,0.4444444444444444,0.3,0.2,0.9444444444444444,0.4444444444444444,0,0.000,0.4444444444444444,0.2105,1.2947,0.23,0.6,0.33521999999999996,1.8243333333333331,0.5296642222222223,Spencer Arrighetti,,0,0,0,2026-05-09 00:00:00
Brandon Lockridge,MIL,NYY,0.6,0.1,0.0,0.0,0.7272727272727273,0.2,0.4,1.3181818181818181,0.8636363636363638,0.0340909090909091,0.000,0.8636363636363638,0.157,0.3951,0.16,0.5,0.32504,0.49342857142857144,0.051659333333333335,Cam Schlittler,,0,0,0,2026-05-09 00:00:00
Brandon Marsh,PHI,COL,0.4,0.0,0.1,0.0,0.4444444444444444,0.2,0.2,0.8333333333333334,0.5555555555555556,0.1638888888888889,0.415,0.8852555555555555,0.301,0.82795,0.52,0.9,0.30792,0.308,0.2903858888888889,Kyle Freeland,0.6,0.294,0,4.15,2026-05-09 00:00:00
Taylor Trammell,HOU,CIN,0.7,0.1,0.0,0.0,0.8,0.3,0.4,1.5,0.8999999999999999,0.16785714285714284,0.000,1.11665,0.27025,1.1366,0.59,0.8,0.30494,0.522,0.36408266666666667,Chase Burns,0.5714285714285714,0.1925,1.1,2.125,2026-05-09 00:00:00
Joey Loperfido,HOU,CIN,0.5,0.3,0.0,0.0,0.75,0.3,0.3,1.35,1,0.20535714285714285,0.000,1.21665,0.24925,0.9863,0.48,0.8,0.30282,0.374,0.272966888888889,Chase Burns,0.5714285714285714,0.1925,1.1,2.125,2026-05-09 00:00:00
Joey Wiemer,WSN,MIA,0.4,0.0,0.0,0.0,0.3529411764705883,0.3,0.1,0.7058823529411765,0.3529411764705883,0.07142857142857142,0.000,0.5020411764705883,0.185,0.70025,0.34,0.5,0.29194,0.15857142857142859,0.08003055555555555,Janson Junk,0.2857142857142857,0.148,0.5,1,2026-05-09 00:00:00
Starling Marte,KCR,DET,0.2,0.2,0.0,0.0,0.4444444444444444,0.1,0.0,0.5555555555555556,0.6666666666666666,0.05555555555555555,0.000,0.6666666666666666,0.182,0.14595,0.31,0.6,0.29000000000000004,0.4853333333333333,0.16670588888888888,Burch Smith,,0,0,0,2026-05-09 00:00:00
Austin Martin,MIN,CLE,0.6,0.1,0.0,0.0,0.6521739130434783,0.1,0.2,0.9130434782608695,0.7391304347826086,0.1779891304347826,0.314,1.0191304347826087,0.32799999999999996,1.3515,0.51,0.9,0.289,0.8143333333333334,0.48182555555555556,Tanner Bibee,0.625,0.307,0.5,5.4,2026-05-09 00:00:00
Yohendrick Pinango,TOR,LAA,1.0,0.0,0.0,0.0,1,0.1,0.4,1.5555555555555556,1,0.10714285714285714,0.000,1.1806,0.3105,1.513975,0.52,0.8,0.28234,2.145,0.860237388888889,Jack Kochanowicz,0.42857142857142855,0.192,0.4,3.03,2026-05-09 00:00:00
MJ Melendez,NYM,ARI,0.4,0.2,0.1,0.1,0.7222222222222222,0.2,0.3,1.2777777777777777,1.3333333333333335,0.08333333333333334,0.296,1.3333333333333335,0.1475,0.25844999999999996,0.29,0.6,0.28034,0.2786111111111111,0.10412255555555561,Merrill Kelly,,0,0,0,2026-05-09 00:00:00
Christian Yelich,MIL,NYY,0.5,0.1,0.0,0.1,0.7333333333333333,0.6,0.5,1.7999999999999998,1.0666666666666667,0.04999999999999999,0.000,1.0666666666666667,0.162,0.46325,0.19,0.6,0.27638,0.6075,0.16995944444444444,Cam Schlittler,,0,0,0,2026-05-09 00:00:00
Billy Cook,PIT,SFG,0.3,0.0,0.0,0.0,0.25,0.1,0.0,0.375,0.25,0.10714285714285714,0.000,0.41625,0.2355,0.9091750000000001,0.40,0.6,0.26,0.286,0.21385272222222224,Landen Roupp,0.42857142857142855,0.185,0.2,3.055,2026-05-09 00:00:00
Troy Johnston,COL,PHI,0.7,0.3,0.0,0.1,1.0625,0.3,0.5,1.875,1.5625,0.34375,0.364,1.8908,0.322,1.1927249999999998,0.60,1.0,0.25722,0.6193846153846153,0.5167711923076922,Aaron Nola,1,0.278,1.45,5.07,2026-05-09 00:00:00
Austin Riley,ATL,LAD,0.5,0.1,0.0,0.0,0.625,0.3,0.4,1.2916666666666667,0.8749999999999999,0.041666666666666664,0.200,0.8749999999999999,0.1595,0.4636,0.24,0.5,0.25589999999999996,0.5153076923076924,0.17597993162393166,Blake Snell,,0,0,0,2026-05-09 00:00:00
Trevor Larnach,MIN,CLE,0.6,0.2,0.0,0.0,0.7931034482758621,0.4,0.3,1.5172413793103448,1.0689655172413792,0.2634698275862069,0.289,1.3689155172413792,0.29300000000000004,1.8010000000000002,0.45,0.9,0.2549,0.7678125,0.5126197222222222,Tanner Bibee,0.8125,0.271,1.3,4.63,2026-05-09 00:00:00
Javier Sanoja,MIA,WSN,0.5,0.1,0.0,0.0,0.6,0.1,0.3,0.96,0.68,0.3057142857142857,0.000,1.1007,0.29825,1.41095,0.45,0.9,0.24819999999999998,0.8571428571428571,0.5127347777777777,Zack Littell,1.1428571428571428,0.2965,3.6,7.225,2026-05-09 00:00:00
Jake Fraley,TBR,BOS,0.2,0.1,0.0,0.0,0.3333333333333333,0.1,0.0,0.4444444444444444,0.4444444444444444,0.027777777777777776,0.000,0.4444444444444444,0.15,0.105,0.33,0.5,0.24323999999999998,0.22499999999999998,0.09278222222222224,Payton Tolle,,0,0,0,2026-05-09 00:00:00
Braden Shewmake,HOU,CIN,0.4,0.0,0.0,0.3,0.7142857142857143,0.6,0.3,1.5714285714285712,1.5714285714285712,0.21428571428571427,0.000,1.7880785714285712,0.30474999999999997,0.80215,0.41,1.1,0.24003999999999998,1.0425,0.6158223333333332,Chase Burns,0.5714285714285714,0.1925,1.1,2.125,2026-05-09 00:00:00
Michael Conforto,CHC,TEX,0.3,0.3,0.0,0.1,0.6818181818181818,0.4,0.4,1.409090909090909,1.227272727272727,0.3051948051948052,0.000,1.535972727272727,0.32225000000000004,1.443075,0.69,1.1,0.23987999999999998,0.8020833333333334,0.6652878333333334,Jack Leiter,0.8571428571428571,0.2595,1.65,5.529999999999999,2026-05-09 00:00:00
Eloy Jiménez,TOR,LAA,0.8,0.0,0.0,0.0,0.75,0.3,0.3,1.25,0.75,0.10714285714285714,0.000,0.9306,0.2625,1.562875,0.52,0.7,0.23915999999999998,0.555,0.42281805555555557,Jack Kochanowicz,0.42857142857142855,0.192,0.4,3.03,2026-05-09 00:00:00
Ben Rice,NYY,MIL,0.3,0.0,0.0,0.3,0.5789473684210527,0.4,0.4,1.3157894736842106,1.3684210526315788,0.14912280701754385,0.364,1.6533210526315787,0.344,1.4617499999999999,0.51,1.2,0.23486,0.5325,0.5757783333333333,Kyle Harrison,0.3333333333333333,0.333,0,4.26,2026-05-09 00:00:00
Denzel Clarke,ATH,BAL,0.3,0.0,0.0,0.0,0.3076923076923077,0.2,0.4,0.8461538461538463,0.3076923076923077,0.39285714285714285,0.000,0.6485923076923077,0.2105,1.058775,0.40,0.6,0.23335999999999996,0.054764705882352945,0.16963950653594773,Shane Baz,1.5714285714285714,0.288,0.8999999999999999,4.955,2026-05-09 00:00:00
Connor Wong,BOS,TBR,0.4,0.4,0.0,0.0,0.7857142857142857,0.1,0.4,1.357142857142857,1.1428571428571428,0.2623626373626374,0.000,1.3528571428571428,0.2615,0.907925,0.48,0.8,0.23102000000000003,0.628,0.42429549999999994,Nick Martinez,0.6923076923076923,0.209,0.6499999999999999,1.85,2026-05-09 00:00:00
Austin Hedges,CLE,MIN,0.3,0.2,0.0,0.0,0.5,0.3,0.1,0.9166666666666666,0.6666666666666667,0.2760416666666667,0.000,0.9155166666666668,0.22725,0.759925,0.47,0.7,0.22604,0.18666666666666668,0.24846105555555556,Joe Ryan,0.9375,0.2145,0.7,3.69,2026-05-09 00:00:00
Connor Norby,MIA,WSN,0.4,0.2,0.0,0.1,0.7333333333333333,0.2,0.4,1.333333333333333,1.2333333333333334,0.3607142857142857,0.200,1.6540333333333335,0.28425,1.0779,0.57,0.9,0.2248,0.2253714285714286,0.3991446666666666,Zack Littell,1.1428571428571428,0.2965,3.6,7.225,2026-05-09 00:00:00
Mitch Garver,SEA,CHW,0.4,0.1,0.0,0.0,0.4285714285714285,0.1,0.1,0.6428571428571427,0.5,0.26785714285714285,0.000,0.74815,0.249,1.4861,0.50,0.8,0.22276,0.5243333333333333,0.4295804444444444,Anthony Kay,1,0.212,1.2,4.21,2026-05-09 00:00:00
Tyler Freeman,COL,PHI,0.8,0.1,0.0,0.0,0.85,0.3,0.4,1.5,0.95,0.275,0.300,1.2783,0.2995,1.116175,0.52,0.8,0.21978,0.50825,0.4404449444444445,Aaron Nola,1,0.278,1.45,5.07,2026-05-09 00:00:00
Gleyber Torres,DET,KCR,0.8,0.0,0.0,0.1,0.9032258064516129,0.3,0.2,1.4193548387096775,1.096774193548387,0.2661290322580645,0.000,1.391474193548387,0.2695,1.5174,0.52,0.8,0.21222000000000002,0.7602222222222222,0.5344084444444446,Michael Wacha,1,0.228,1.1,3.86,2026-05-09 00:00:00
Andrew McCutchen,TEX,CHC,0.3,0.0,0.0,0.0,0.2777777777777778,0.1,0.1,0.5,0.2777777777777778,0.17857142857142858,0.000,0.5402777777777777,0.23349999999999999,0.736,0.62,0.6,0.20685999999999996,0.14466666666666667,0.28852888888888895,Edward Cabrera,0.7142857142857143,0.25,0.9,3.66,2026-05-09 00:00:00
Jared Young,NYM,ARI,0.5,0.2,0.0,0.0,0.7,0.2,0.2,1.0999999999999999,0.9,0.05,0.000,0.9,0.175,0.59185,0.28,0.5,0.20616,1.1666666666666667,0.4325176666666667,Merrill Kelly,,0,0,0,2026-05-09 00:00:00
Riley Greene,DET,KCR,0.5,0.2,0.0,0.1,0.8108108108108109,0.5,0.4,1.6756756756756759,1.2702702702702702,0.32432432432432434,0.341,1.4942702702702702,0.242,1.0824,0.54,0.8,0.20590000000000003,0.38587499999999997,0.4074223333333334,Michael Wacha,1,0.19,1,2.57,2026-05-09 00:00:00
Edgar Quero,CHW,SEA,0.5,0.0,0.0,0.0,0.5,0.1,0.1,0.7083333333333334,0.5416666666666666,0.2604166666666667,0.000,0.8720666666666665,0.268,1.16365,0.49,0.7,0.20456000000000002,0.20221052631578948,0.327377947368421,Luis Castillo,1,0.31,1,6.31,2026-05-09 00:00:00
Taylor Walls,TBR,BOS,0.3,0.1,0.0,0.0,0.3684210526315789,0.1,0.2,0.6842105263157894,0.42105263157894735,0.013157894736842105,0.207,0.42105263157894735,0.1165,0.57505,0.13,0.4,0.20222,0.3994285714285714,0.10995633333333332,Payton Tolle,,0,0,0,2026-05-09 00:00:00
Bryce Teodosio,LAA,TOR,0.1,0.0,0.0,0.0,0.1111111111111111,0.3,0.0,0.4444444444444444,0.1111111111111111,0,0.000,0.1111111111111111,0.0625,0.5599999999999999,0.00,0.2,0.2,0.125,-0.05640000000000003,Trey Yesavage,,0,0,0,2026-05-09 00:00:00
Ezequiel Duran,TEX,CHC,0.5,0.2,0.0,0.1,0.88,0.4,0.4,1.76,1.4400000000000002,0.26857142857142857,0.333,1.7095000000000002,0.29625,1.1405750000000001,0.62,0.9,0.19939999999999997,0.6126250000000001,0.557708388888889,Edward Cabrera,0.7142857142857143,0.2545,1.05,3.285,2026-05-09 00:00:00
Isiah Kiner-Falefa,BOS,TBR,0.5,0.0,0.0,0.0,0.5,0.4,0.2,1.1,0.5,0.17307692307692307,0.000,0.71,0.236,1.279725,0.36,0.6,0.19936,0.6136666666666667,0.3788612777777778,Nick Martinez,0.6923076923076923,0.209,0.6499999999999999,1.85,2026-05-09 00:00:00
Nick Loftin,KCR,DET,0.3,0.3,0.0,0.0,0.5833333333333334,0.4,0.8,1.75,0.8333333333333333,0.0625,0.000,0.8333333333333333,0.1345,1.42845,0.15,0.5,0.19889999999999997,1.4795,0.5056781111111112,Burch Smith,,0,0,0,2026-05-09 00:00:00
Mickey Moniak,COL,PHI,0.5,0.2,0.0,0.3,1.032258064516129,0.5,0.6,2.161290322580645,2.193548387096774,0.3870967741935484,0.316,2.521848387096774,0.315,1.183275,0.55,1.1,0.1977,0.6559999999999999,0.6106431666666666,Aaron Nola,1,0.278,1.45,5.07,2026-05-09 00:00:00
Ronny Mauricio,NYM,ARI,0.6,0.0,0.0,0.1,0.6666666666666666,0.3,0.2,1.2222222222222223,1,0.027777777777777776,0.000,1,0.1155,0.08085,0.18,0.4,0.19764,0.1386,0.033074555555555524,Merrill Kelly,,0,0,0,2026-05-09 00:00:00
Adley Rutschman,BAL,ATH,0.5,0.3,0.0,0.1,0.8947368421052632,0.5,0.6,2,1.5263157894736838,0.30169172932330823,0.300,1.815065789473684,0.31225,1.1823000000000001,0.58,1.0,0.19712000000000002,0.9734999999999999,0.6698146666666667,Aaron Civale,0.7857142857142857,0.2705,0.95,3.015,2026-05-09 00:00:00
Adam Frazier,LAA,TOR,0.3,0.2,0.0,0.0,0.5217391304347826,0.4,0.2,1.1304347826086958,0.9130434782608696,0.06521739130434784,0.000,0.9130434782608696,0.12,0.30315000000000003,0.23,0.5,0.19707999999999998,0.21473684210526314,0.11340198245614042,Trey Yesavage,,0,0,0,2026-05-09 00:00:00
Jake Mangum,PIT,SFG,0.4,0.0,0.0,0.0,0.4090909090909091,0.3,0.1,0.7727272727272728,0.45454545454545453,0.1185064935064935,0.000,0.6207954545454545,0.197,1.176175,0.34,0.6,0.19704,0.19506666666666667,0.22653805555555556,Landen Roupp,0.42857142857142855,0.185,0.2,3.055,2026-05-09 00:00:00
Javier Báez,DET,KCR,0.5,0.2,0.0,0.0,0.8095238095238095,0.3,0.2,1.380952380952381,1.1904761904761905,0.32142857142857145,0.000,1.4498261904761904,0.246,0.91265,0.47,0.8,0.19580000000000003,0.38407142857142856,0.37788788888888886,Michael Wacha,1,0.209,1.05,3.215,2026-05-09 00:00:00
Ildemaro Vargas,ARI,NYM,0.7,0.3,0.0,0.1,1.038461538461539,0.5,0.4,1.8846153846153852,1.6153846153846154,0.239010989010989,0.347,1.8050846153846154,0.26449999999999996,1.089375,0.50,0.8,0.19546000000000002,1.0726,0.616841611111111,Clay Holmes,0.5714285714285714,0.183,0.65,1.665,2026-05-09 00:00:00
Nick Gonzales,PIT,SFG,0.8,0.2,0.0,0.0,0.90625,0.3,0.3,1.53125,1.0625,0.07477678571428571,0.349,1.2004,0.2565,1.0967,0.45,0.7,0.19530000000000003,0.6475000000000001,0.4394686666666666,Landen Roupp,0.14285714285714285,0.18,0,2.08,2026-05-09 00:00:00
Drew Gilbert,SFG,PIT,0.6,0.1,0.0,0.1,0.7894736842105263,0.3,0.3,1.4210526315789473,1.157894736842105,0.2537593984962406,0.281,1.3951947368421052,0.2685,1.1184749999999999,0.47,0.8,0.19523999999999997,0.7335,0.5098873888888888,Braxton Ashcraft,0.8571428571428571,0.211,0.65,3.02,2026-05-09 00:00:00
Chase Meidroth,CHW,SEA,0.6,0.1,0.0,0.1,0.6944444444444444,0.4,0.1,1.1944444444444444,0.9444444444444444,0.17757936507936506,0.326,1.2601444444444443,0.3095,1.28045,0.56,0.8,0.19516000000000006,0.282764705882353,0.42706333986928097,Luis Castillo,0.5714285714285714,0.366,0.6,6.46,2026-05-09 00:00:00
Masataka Yoshida,BOS,TBR,0.5,0.1,0.0,0.0,0.625,0.3,0.1,0.9583333333333334,0.7083333333333333,0.19391025641025642,0.000,0.9183333333333332,0.2485,1.7627249999999999,0.45,0.7,0.1951,1.2,0.6303301666666665,Nick Martinez,0.6923076923076923,0.209,0.6499999999999999,1.85,2026-05-09 00:00:00
Hyeseong Kim,LAD,ATL,0.7,0.1,0.0,0.0,0.9130434782608695,0.4,0.3,1.6956521739130435,1.2608695652173914,0.054347826086956506,0.273,1.2608695652173914,0.1695,0.46185,0.28,0.6,0.19264,0.7301538461538462,0.31762518803418804,Spencer Strider,,0,0,0,2026-05-09 00:00:00
Christian Vázquez,HOU,CIN,0.4,0.2,0.0,0.1,0.6842105263157895,0.3,0.5,1.526315789473684,1.157894736842105,0.20864661654135336,0.000,1.374544736842105,0.23775,1.1047500000000001,0.41,0.8,0.1917,0.46309090909090905,0.40180601010101014,Chase Burns,0.5714285714285714,0.1925,1.1,2.125,2026-05-09 00:00:00
Zach McKinstry,DET,KCR,0.4,0.2,0.0,0.1,0.625,0.1,0.3,1.0625,1,0.3125,0.000,1.25935,0.221,1.036,0.40,0.7,0.1904,0.3029,0.325072,Michael Wacha,1,0.209,1.05,3.215,2026-05-09 00:00:00
Jordan Walker,STL,SDP,0.6,0.2,0.0,0.2,0.918918918918919,0.6,0.6,2.081081081081081,1.6486486486486487,0.08783783783783786,0.348,1.6486486486486487,0.1575,0.39825,0.32,0.6,0.18979999999999997,0.42875,0.26525611111111114,Randy Vásquez,,0,0,0,2026-05-09 00:00:00
José Tena,WSN,MIA,0.4,0.1,0.0,0.1,0.6428571428571429,0.3,0.4,1.3214285714285716,1.0714285714285712,0.24107142857142855,0.000,1.291928571428571,0.2485,0.74355,0.51,0.8,0.18832,0.27356521739130435,0.36211348309178754,Janson Junk,0.7142857142857143,0.211,0.7,2.715,2026-05-09 00:00:00
Kyle Stowers,MIA,WSN,0.5,0.2,0.0,0.0,0.7333333333333333,0.5,0.1,1.3333333333333333,0.9333333333333333,0.3357142857142857,0.146,1.3540333333333332,0.26775,1.20755,0.55,0.8,0.18797999999999998,0.2539375,0.4100755,Zack Littell,1.1428571428571428,0.2965,3.6,7.225,2026-05-09 00:00:00
Isaac Collins,KCR,DET,0.5,0.1,0.0,0.1,0.6666666666666666,0.4,0.3,1.2999999999999998,1,0.04999999999999999,0.317,1,0.145,0.53665,0.31,0.5,0.18688000000000005,0.4613636363636363,0.25400081818181813,Burch Smith,,0,0,0,2026-05-09 00:00:00
Kyle Isbel,KCR,DET,0.5,0.1,0.0,0.1,0.7419354838709677,0.4,0.3,1.3548387096774193,1.161290322580645,0.0564516129032258,0.300,1.161290322580645,0.1455,0.3196,0.25,0.5,0.18591999999999997,0.40739999999999993,0.20455022222222224,Burch Smith,,0,0,0,2026-05-09 00:00:00
Vladimir Guerrero Jr.,TOR,LAA,0.8,0.2,0.0,0.0,0.918918918918919,0.4,0.3,1.5945945945945947,1.0810810810810811,0.1476833976833977,0.295,1.265181081081081,0.243,1.42145,0.50,0.7,0.18450000000000003,0.7875,0.5251758888888889,Jack Kochanowicz,0.42857142857142855,0.171,0.8,3.27,2026-05-09 00:00:00
Ozzie Albies,ATL,LAD,0.4,0.2,0.0,0.1,0.7586206896551724,0.3,0.3,1.3103448275862066,1.310344827586207,0.08620689655172414,0.326,1.310344827586207,0.1835,0.5883499999999999,0.23,0.7,0.18344,2.29375,0.7953887777777779,Blake Snell,,0,0,0,2026-05-09 00:00:00
Brice Turang,MIL,NYY,0.6,0.2,0.0,0.2,0.9333333333333333,0.8,0.5,2.3,1.666666666666667,0.09166666666666669,0.351,1.666666666666667,0.1665,0.7467000000000001,0.34,0.7,0.18252000000000002,0.666,0.38376200000000005,Cam Schlittler,,0,0,0,2026-05-09 00:00:00
Luis Arraez,SFG,PIT,0.8,0.1,0.0,0.0,1,0.2,0.2,1.4193548387096775,1.193548387096774,0.29032258064516125,0.300,1.448348387096774,0.27799999999999997,2.2278000000000002,0.49,0.8,0.18245999999999998,2.6447999999999996,1.1255297777777775,Braxton Ashcraft,1,0.208,0.9,2.61,2026-05-09 00:00:00
Jake Meyers,HOU,CIN,0.5,0.1,0.0,0.1,0.7,0.4,0.2,1.3,1.1,0.12142857142857143,0.000,1.2442000000000002,0.24,0.8614,0.48,0.8,0.18191999999999997,0.9157500000000001,0.542174,Chase Burns,0.2857142857142857,0.147,0.5,0.93,2026-05-09 00:00:00
Ian Happ,CHC,TEX,0.4,0.1,0.0,0.2,0.6756756756756757,0.6,0.3,1.5945945945945947,1.3243243243243246,0.28861003861003864,0.227,1.6330243243243245,0.26425,1.356725,0.57,0.9,0.18161999999999995,0.3876764705882353,0.5065551339869281,Jack Leiter,0.8571428571428571,0.2595,1.65,5.529999999999999,2026-05-09 00:00:00
Iván Herrera,STL,SDP,0.4,0.3,0.0,0.1,0.7777777777777778,0.4,0.4,1.5833333333333335,1.2777777777777777,0.08333333333333333,0.319,1.2777777777777777,0.14,0.5988499999999999,0.24,0.5,0.18148,0.525,0.26061766666666675,Randy Vásquez,,0,0,0,2026-05-09 00:00:00
Otto Lopez,MIA,WSN,0.6,0.2,0.0,0.1,0.868421052631579,0.5,0.2,1.6315789473684212,1.3421052631578947,0.3580827067669173,0.389,1.7628052631578948,0.30374999999999996,1.0824500000000001,0.59,1.0,0.18081999999999998,0.4545384615384615,0.5272866581196581,Zack Littell,1.1428571428571428,0.2965,3.6,7.225,2026-05-09 00:00:00
Colt Keith,DET,KCR,0.8,0.2,0.0,0.0,0.9705882352941176,0.4,0.2,1.5294117647058825,1.1764705882352942,0.3014705882352941,0.290,1.4004705882352941,0.2635,1.01985,0.61,0.8,0.18065999999999996,0.5974090909090909,0.50524998989899,Michael Wacha,1,0.19,1,2.57,2026-05-09 00:00:00
Marcelo Mayer,BOS,TBR,0.5,0.2,0.0,0.0,0.6363636363636364,0.2,0.1,1,0.8181818181818181,0.21853146853146851,0.263,1.028181818181818,0.2175,0.877475,0.40,0.6,0.18047999999999997,0.2712,0.2898822777777778,Nick Martinez,0.6923076923076923,0.209,0.6499999999999999,1.85,2026-05-09 00:00:00
Sam Haggerty,TEX,CHC,0.1,0.0,0.0,0.0,0.1428571428571428,0.1,0.1,0.4285714285714284,0.1428571428571428,0.17857142857142858,0.000,0.41235714285714276,0.19874999999999998,0.794475,0.43,0.5,0.18,0.04766666666666666,0.1953207222222223,Edward Cabrera,0.7142857142857143,0.2545,1.05,3.285,2026-05-09 00:00:00
Taylor Ward,BAL,ATH,0.5,0.3,0.0,0.0,0.8055555555555556,0.5,0.2,1.527777777777778,1.1111111111111112,0.25496031746031744,0.147,1.4072111111111112,0.27,1.09835,0.60,0.8,0.17991999999999997,0.5628461538461539,0.5095779230769231,Aaron Civale,0.7142857142857143,0.269,0.7,3.29,2026-05-09 00:00:00
Luis Campusano,SDP,STL,0.2,0.4,0.0,0.2,0.7647058823529411,0.5,0.5,1.7647058823529411,1.6470588235294117,0.40158371040723984,0.000,1.9631088235294116,0.3085,1.0059,0.54,1.0,0.17839999999999998,0.4941818181818182,0.5467415757575758,Dustin May,1.0769230769230769,0.315,0.6,5.18,2026-05-09 00:00:00
Jake McCarthy,COL,PHI,0.3,0.2,0.0,0.1,0.6923076923076923,0.3,0.5,1.4615384615384615,1.2307692307692308,0.33653846153846156,0.000,1.5856692307692308,0.3005,1.7479,0.51,1.0,0.17820000000000003,0.562,0.5728117777777778,Aaron Nola,1,0.32,1.5,5.4,2026-05-09 00:00:00
Jose Fernandez,ARI,NYM,0.6,0.1,0.0,0.1,0.84,0.6,0.4,1.7599999999999998,1.28,0.19285714285714284,0.250,1.4697,0.2375,0.9422250000000001,0.52,0.7,0.17673999999999995,0.36884210526315786,0.40123595614035096,Clay Holmes,0.5714285714285714,0.183,0.65,1.665,2026-05-09 00:00:00
Edouard Julien,COL,PHI,0.6,0.1,0.0,0.1,0.8125,0.5,0.4,1.65625,1.15625,0.296875,0.250,1.48455,0.2865,1.243375,0.63,0.9,0.17628000000000005,0.3835,0.5065913888888887,Aaron Nola,1,0.278,1.45,5.07,2026-05-09 00:00:00
Nick Allen,HOU,CIN,0.3,0.0,0.0,0.0,0.3333333333333333,0.3,0.0,0.6666666666666666,0.3333333333333333,0.14285714285714285,0.000,0.5499833333333333,0.20725,1.0861999999999998,0.40,0.6,0.1761,0.26639999999999997,0.2863306666666666,Chase Burns,0.5714285714285714,0.1925,1.1,2.125,2026-05-09 00:00:00
Thomas Saggese,STL,SDP,0.4,0.1,0.0,0.0,0.5333333333333333,0.2,0.1,0.8666666666666667,0.6666666666666666,0.033333333333333326,0.000,0.6666666666666666,0.093,0.13674999999999998,0.16,0.3,0.17581999999999998,0.09847058823529412,0.008734542483660152,Randy Vásquez,,0,0,0,2026-05-09 00:00:00
Pedro Pagés,STL,SDP,0.4,0.1,0.0,0.1,0.6086956521739131,0.3,0.3,1.2608695652173914,1.0869565217391304,0.054347826086956506,0.235,1.0869565217391304,0.123,0.2357,0.15,0.5,0.17532000000000003,0.246,0.11570199999999992,Randy Vásquez,,0,0,0,2026-05-09 00:00:00
Xavier Edwards,MIA,WSN,0.7,0.2,0.1,0.1,1,0.5,0.2,1.7058823529411764,1.4705882352941178,0.3592436974789916,0.286,1.8912882352941178,0.31174999999999997,2.14765,0.56,1.0,0.17523999999999995,1.417,0.8662123333333333,Zack Littell,1.1428571428571428,0.2965,3.6,7.225,2026-05-09 00:00:00
Alex Call,LAD,ATL,0.4,0.1,0.0,0.0,0.4545454545454545,0.4,0.3,1.0909090909090908,0.5454545454545454,0.022727272727272728,0.000,0.5454545454545454,0.1085,0.9699500000000001,0.13,0.4,0.17466,0.434,0.1706681111111111,Spencer Strider,,0,0,0,2026-05-09 00:00:00
Jerar Encarnacion,SFG,PIT,0.4,0.0,0.0,0.0,0.4285714285714285,0.0,0.0,0.4285714285714285,0.4285714285714285,0.21428571428571427,0.000,0.6658714285714284,0.1935,0.7916249999999999,0.29,0.5,0.17396,0.176,0.19095638888888888,Braxton Ashcraft,0.8571428571428571,0.211,0.65,3.02,2026-05-09 00:00:00
Heliot Ramos,SFG,PIT,0.5,0.1,0.0,0.1,0.6857142857142857,0.2,0.3,1.2285714285714286,0.9999999999999999,0.22857142857142856,0.250,1.2197999999999998,0.22599999999999998,0.6258999999999999,0.44,0.7,0.17392,0.21568749999999998,0.2898598333333334,Braxton Ashcraft,0.7142857142857143,0.214,0.4,3.43,2026-05-09 00:00:00
Chandler Simpson,TBR,BOS,0.4,0.0,0.0,0.0,0.4137931034482759,0.1,0.2,0.6551724137931035,0.48275862068965514,0.008620689655172412,0.292,0.48275862068965514,0.125,0.15425,0.14,0.4,0.17358,0.5357142857142857,0.15484166666666666,Payton Tolle,,0,0,0,2026-05-09 00:00:00
Konnor Griffin,PIT,SFG,0.5,0.1,0.0,0.1,0.7666666666666667,0.4,0.4,1.5,1.1666666666666665,0.16547619047619044,0.326,1.3329166666666665,0.219,1.116075,0.44,0.7,0.17354000000000003,0.2919230769230769,0.3494407393162393,Landen Roupp,0.42857142857142855,0.185,0.2,3.055,2026-05-09 00:00:00
Leody Taveras,BAL,ATH,0.4,0.1,0.0,0.1,0.6206896551724138,0.4,0.6,1.5862068965517242,1.0344827586206895,0.2567733990147783,0.200,1.3232327586206893,0.27825,1.16445,0.54,0.9,0.1734,0.594,0.531037,Aaron Civale,0.7857142857142857,0.2705,0.95,3.015,2026-05-09 00:00:00
Ryan Jeffers,MIN,CLE,0.3,0.1,0.0,0.1,0.5862068965517241,0.4,0.4,1.4137931034482758,1.103448275862069,0.2165948275862069,0.350,1.383448275862069,0.3,1.2075,0.55,1.0,0.17326,0.4825882352941176,0.5350924836601307,Tanner Bibee,0.625,0.307,0.5,5.4,2026-05-09 00:00:00
Luis Rengifo,MIL,NYY,0.3,0.2,0.0,0.0,0.5555555555555556,0.3,0.3,1.1851851851851851,0.7777777777777777,0.05555555555555555,0.212,0.7777777777777777,0.121,0.70015,0.16,0.4,0.17034000000000002,0.6655,0.251509,Cam Schlittler,,0,0,0,2026-05-09 00:00:00
Alec Burleson,STL,SDP,0.5,0.3,0.0,0.1,0.8857142857142857,0.4,0.7,1.9714285714285713,1.5714285714285712,0.09999999999999998,0.283,1.5714285714285712,0.155,0.6607000000000001,0.26,0.6,0.16986,0.7085714285714285,0.355182,Randy Vásquez,,0,0,0,2026-05-09 00:00:00
Alex Freeland,LAD,ATL,0.5,0.1,0.0,0.1,0.7,0.4,0.3,1.333333333333333,1,0.04166666666666667,0.321,1,0.133,0.38039999999999996,0.28,0.5,0.16817999999999994,0.3546666666666667,0.1980062222222223,Spencer Strider,,0,0,0,2026-05-09 00:00:00
Christian Walker,HOU,CIN,0.6,0.2,0.0,0.2,0.9210526315789473,0.5,0.6,2,1.6578947368421053,0.16353383458646617,0.340,1.8020947368421054,0.23399999999999999,0.5839,0.50,0.8,0.16810000000000003,0.575125,0.4555801111111111,Chase Burns,0.2857142857142857,0.147,0.5,0.93,2026-05-09 00:00:00
Ryan Vilade,TBR,BOS,0.4,0.1,0.0,0.1,0.6111111111111112,0.3,0.3,1.2222222222222223,0.8888888888888888,0.041666666666666664,0.000,0.8888888888888888,0.1485,0.4475,0.25,0.5,0.1678,0.594,0.27492555555555553,Payton Tolle,,0,0,0,2026-05-09 00:00:00
Jake Bauers,MIL,NYY,0.5,0.2,0.0,0.2,0.7878787878787878,0.6,0.5,1.9393939393939394,1.3939393939393938,0.07575757575757575,0.297,1.3939393939393938,0.1475,0.523,0.27,0.6,0.16778,0.5338095238095237,0.2937888888888889,Cam Schlittler,,0,0,0,2026-05-09 00:00:00
Willi Castro,COL,PHI,0.4,0.1,0.0,0.0,0.5862068965517241,0.4,0.3,1.3103448275862069,0.7931034482758621,0.28448275862068967,0.281,1.1214034482758621,0.2555,1.087125,0.58,0.8,0.16727999999999998,0.2080357142857143,0.40058638888888887,Aaron Nola,1,0.278,1.45,5.07,2026-05-09 00:00:00
Angel Martínez,CLE,MIN,0.3,0.2,0.0,0.1,0.6666666666666666,0.2,0.4,1.2666666666666666,1.2666666666666666,0.3177083333333333,0.220,1.5155166666666666,0.24075000000000002,0.843125,0.49,0.8,0.16614,0.267,0.39317972222222225,Joe Ryan,0.9375,0.2145,0.7,3.69,2026-05-09 00:00:00
Cedric Mullins,TBR,BOS,0.2,0.0,0.0,0.0,0.1904761904761905,0.1,0.1,0.4285714285714285,0.1904761904761905,0,0.125,0.1904761904761905,0.0835,0.28565,0.05,0.3,0.1643,0.20875000000000002,0.012566777777777788,Payton Tolle,,0,0,0,2026-05-09 00:00:00
Yandy Díaz,TBR,BOS,0.4,0.1,0.0,0.1,0.5789473684210527,0.4,0.3,1.263157894736842,0.9473684210526312,0.0394736842105263,0.263,0.9473684210526312,0.153,0.3231,0.28,0.6,0.1643,0.476,0.26597711111111105,Payton Tolle,,0,0,0,2026-05-09 00:00:00
Nolan Arenado,ARI,NYM,0.5,0.1,0.0,0.2,0.75,0.4,0.5,1.65625,1.28125,0.19754464285714285,0.294,1.47095,0.23249999999999998,0.941175,0.47,0.8,0.16426000000000002,0.38454545454545447,0.4113832272727273,Clay Holmes,0.5714285714285714,0.183,0.65,1.665,2026-05-09 00:00:00
José Fermín,STL,SDP,0.3,0.1,0.0,0.0,0.4,0.0,0.4,0.8,0.5,0.025,0.000,0.5,0.1055,0.2133,0.17,0.3,0.16410000000000002,0.18085714285714283,0.06333799999999998,Randy Vásquez,,0,0,0,2026-05-09 00:00:00
Andrés Giménez,TOR,LAA,0.5,0.2,0.0,0.1,0.8181818181818182,0.3,0.5,1.5757575757575757,1.3333333333333333,0.1829004329004329,0.176,1.5139333333333331,0.246,1.2039250000000001,0.48,0.8,0.16324,0.5,0.47018994444444445,Jack Kochanowicz,0.42857142857142855,0.192,0.4,3.03,2026-05-09 00:00:00
David Hamilton,MIL,NYY,0.5,0.1,0.0,0.0,0.5357142857142857,0.4,0.2,1.1428571428571428,0.6071428571428572,0.017857142857142856,0.233,0.6071428571428572,0.1085,0.4978,0.18,0.3,0.16217999999999996,0.3255,0.13266133333333338,Cam Schlittler,,0,0,0,2026-05-09 00:00:00
Juan Soto,NYM,ARI,0.6,0.1,0.0,0.1,0.8571428571428571,0.3,0.4,1.619047619047619,1.4285714285714282,0.0714285714285714,0.250,1.4285714285714282,0.173,0.8704000000000001,0.32,0.6,0.16215999999999997,1.0033999999999998,0.49318266666666666,Merrill Kelly,,0,0,0,2026-05-09 00:00:00
Jorge Soler,LAA,TOR,0.3,0.1,0.0,0.2,0.6470588235294118,0.4,0.7,1.7941176470588238,1.3823529411764706,0.08088235294117647,0.250,1.3823529411764706,0.1135,0.3063,0.20,0.5,0.16213999999999995,0.17295238095238094,0.14083133333333336,Trey Yesavage,,0,0,0,2026-05-09 00:00:00
Jo Adell,LAA,TOR,0.6,0.1,0.0,0.0,0.717948717948718,0.2,0.3,1.1538461538461537,0.7948717948717949,0.019230769230769232,0.267,0.7948717948717949,0.1275,0.16544999999999999,0.26,0.4,0.16152000000000002,0.255,0.13019588888888886,Trey Yesavage,,0,0,0,2026-05-09 00:00:00
Brooks Lee,MIN,CLE,0.5,0.1,0.0,0.1,0.71875,0.3,0.5,1.53125,1.125,0.2578125,0.304,1.42495,0.281,1.1792500000000001,0.54,0.9,0.16134000000000004,0.45266666666666666,0.5015227777777777,Tanner Bibee,0.8125,0.271,1.3,4.63,2026-05-09 00:00:00
Tristan Peters,CHW,SEA,0.6,0.1,0.0,0.0,0.6666666666666666,0.3,0.2,1.121212121212121,0.787878787878788,0.37987012987012986,0.269,1.132978787878788,0.266,1.1911999999999998,0.60,0.8,0.16036000000000003,0.42431578947368426,0.49125375438596486,Luis Castillo,1.4285714285714286,0.254,1.4,6.16,2026-05-09 00:00:00
Myles Straw,TOR,LAA,0.4,0.1,0.0,0.1,0.5555555555555556,0.6,0.2,1.3333333333333335,0.7777777777777778,0.1349206349206349,0.276,0.9583777777777778,0.281,2.474625,0.54,0.9,0.15937999999999997,2.2199999999999998,1.0743919444444443,Jack Kochanowicz,0.42857142857142855,0.192,0.4,3.03,2026-05-09 00:00:00
Parker Meadows,DET,KCR,0.6,0.1,0.1,0.0,0.75,0.2,0.2,1.0833333333333335,1,0.2916666666666667,0.000,1.224,0.2235,0.9342,0.54,0.7,0.15839999999999999,0.2827,0.3825302222222222,Michael Wacha,1,0.19,1,2.57,2026-05-09 00:00:00
Wyatt Langford,TEX,CHC,0.6,0.2,0.1,0.1,0.8947368421052632,0.4,0.2,1.4736842105263157,1.3157894736842106,0.2443609022556391,0.000,1.5782894736842106,0.27149999999999996,0.7527999999999999,0.59,0.8,0.15803999999999996,0.39764285714285713,0.4607457777777778,Edward Cabrera,0.7142857142857143,0.25,0.9,3.66,2026-05-09 00:00:00
Shay Whitcomb,HOU,CIN,0.1,0.0,0.0,0.1,0.25,0.1,0.5,0.875,0.625,0.17410714285714285,0.000,0.84165,0.19625,0.88175,0.47,0.7,0.15800000000000003,0.1,0.32573833333333335,Chase Burns,0.5714285714285714,0.1925,1.1,2.125,2026-05-09 00:00:00
Miguel Andujar,SDP,STL,0.5,0.2,0.1,0.0,0.8461538461538461,0.3,0.2,1.3461538461538463,1.3076923076923075,0.34615384615384615,0.268,1.6237423076923074,0.3145,0.72665,0.61,0.9,0.15799999999999997,0.6018333333333333,0.5619178888888889,Dustin May,1.0769230769230769,0.315,0.6,5.18,2026-05-09 00:00:00
Will Benson,CIN,HOU,0.3,0.1,0.0,0.1,0.4285714285714285,0.3,0.1,0.8214285714285713,0.7857142857142857,0.04464285714285714,0.000,0.7857142857142857,0.107,0.51005,0.21,0.4,0.15777999999999998,0.24609999999999999,0.16045322222222225,Spencer Arrighetti,,0,0,0,2026-05-09 00:00:00
Rece Hinds,CIN,HOU,0.1,0.3,0.0,0.0,0.4,0.1,0.5,1,0.7,0.075,0.000,0.7,0.087,0.14585,0.18,0.3,0.15608,0.10439999999999999,0.05395855555555554,Spencer Arrighetti,,0,0,0,2026-05-09 00:00:00
Shea Langeliers,ATH,BAL,0.6,0.2,0.0,0.2,1,0.5,0.4,1.9090909090909092,1.9090909090909092,0.4274891774891775,0.429,2.228290909090909,0.276,0.8220500000000001,0.59,1.0,0.15515999999999996,0.5242692307692307,0.5556250512820514,Shane Baz,1.2857142857142858,0.235,1.4,4.34,2026-05-09 00:00:00
Joey Bart,PIT,SFG,0.4,0.0,0.0,0.1,0.5333333333333333,0.2,0.2,0.9333333333333333,0.9333333333333332,0.14047619047619048,0.000,1.0995833333333331,0.2355,0.987125,0.49,0.8,0.15405999999999997,0.286,0.40608083333333334,Landen Roupp,0.42857142857142855,0.185,0.2,3.055,2026-05-09 00:00:00
Mauricio Dubón,ATL,LAD,0.4,0.1,0.0,0.0,0.5454545454545454,0.2,0.4,1.1363636363636362,0.6818181818181819,0.0340909090909091,0.233,0.6818181818181819,0.1275,0.16509999999999997,0.24,0.4,0.15374,0.3013636363636364,0.15054781818181817,Blake Snell,,0,0,0,2026-05-09 00:00:00
Brenton Doyle,COL,PHI,0.4,0.0,0.0,0.0,0.5,0.3,0.1,0.8846153846153846,0.6538461538461539,0.2692307692307692,0.000,0.9555461538461538,0.2165,0.54795,0.49,0.6,0.15371999999999997,0.13638461538461538,0.289011358974359,Aaron Nola,1,0.236,1.4,4.74,2026-05-09 00:00:00
Jeff McNeil,ATH,BAL,0.6,0.2,0.0,0.0,0.8529411764705882,0.2,0.4,1.411764705882353,1.147058823529412,0.45168067226890757,0.324,1.487958823529412,0.3,1.175225,0.59,0.9,0.1531,0.702,0.6023346111111111,Shane Baz,1.5714285714285714,0.288,0.8999999999999999,4.955,2026-05-09 00:00:00
David Fry,CLE,MIN,0.3,0.1,0.0,0.2,0.6,0.4,0.4,1.4,1.3,0.309375,0.000,1.54885,0.25025,0.777075,0.53,0.9,0.15282,0.286,0.4498567222222221,Joe Ryan,0.9375,0.2145,0.7,3.69,2026-05-09 00:00:00
Bryan Reynolds,PIT,SFG,0.5,0.1,0.1,0.1,0.6571428571428571,0.5,0.3,1.5142857142857142,1.0285714285714287,0.15714285714285714,0.256,1.1948214285714287,0.219,1.4058249999999999,0.52,0.7,0.15173999999999999,0.3636875,0.44494200000000006,Landen Roupp,0.42857142857142855,0.185,0.2,3.055,2026-05-09 00:00:00
Brayan Rocchio,CLE,MIN,0.6,0.1,0.0,0.0,0.6571428571428571,0.3,0.4,1.3428571428571427,0.8,0.2558035714285714,0.233,1.04885,0.24275000000000002,1.377125,0.47,0.7,0.15167999999999998,0.7452500000000001,0.5319230555555556,Joe Ryan,0.9375,0.2145,0.7,3.69,2026-05-09 00:00:00
George Valera,CLE,MIN,0.4,0.2,0.0,0.0,0.6153846153846154,0.1,0.5,1.153846153846154,0.8461538461538463,0.2920673076923077,0.000,1.0950038461538463,0.22175,0.7532749999999999,0.44,0.7,0.15089999999999998,0.2944285714285715,0.34120872222222226,Joe Ryan,0.9375,0.2145,0.7,3.69,2026-05-09 00:00:00
Jacob Wilson,ATH,BAL,0.8,0.1,0.0,0.1,1,0.4,0.4,1.7941176470588234,1.411764705882353,0.38025210084033617,0.370,1.730964705882353,0.26949999999999996,0.7378,0.52,0.8,0.1508,0.7498666666666667,0.5490973333333333,Shane Baz,1.2857142857142858,0.235,1.4,4.34,2026-05-09 00:00:00
Kevin McGonigle,DET,KCR,0.5,0.3,0.1,0.1,0.9166666666666666,0.6,0.3,1.8333333333333333,1.4722222222222223,0.3472222222222222,0.233,1.6962222222222223,0.252,1.6821000000000002,0.52,0.8,0.1508,1.2076923076923076,0.7409465128205128,Michael Wacha,1,0.19,1,2.57,2026-05-09 00:00:00
Seiya Suzuki,CHC,TEX,0.5,0.1,0.0,0.3,0.8333333333333334,0.5,0.6,1.9583333333333335,1.6666666666666665,0.2976190476190476,0.317,1.9753666666666665,0.27925,1.278775,0.54,1.0,0.14999999999999997,0.48784210526315785,0.568100067251462,Jack Leiter,0.8571428571428571,0.2595,1.65,5.529999999999999,2026-05-09 00:00:00
TJ Rumfield,COL,PHI,0.5,0.2,0.0,0.1,0.8421052631578947,0.3,0.5,1.6842105263157894,1.4473684210526314,0.32894736842105265,0.280,1.7756684210526315,0.28600000000000003,1.2975249999999998,0.54,0.9,0.14999999999999997,0.6299999999999999,0.5879181666666666,Aaron Nola,1,0.278,1.45,5.07,2026-05-09 00:00:00
Elly De La Cruz,CIN,HOU,0.5,0.2,0.0,0.1,0.7894736842105263,0.5,0.3,1.6578947368421053,1.3684210526315788,0.07894736842105263,0.265,1.3684210526315788,0.1315,0.38039999999999996,0.29,0.5,0.14992000000000003,0.3127567567567568,0.22542033633633632,Spencer Arrighetti,,0,0,0,2026-05-09 00:00:00
Daniel Schneemann,CLE,MIN,0.4,0.2,0.0,0.1,0.6666666666666666,0.3,0.3,1.2666666666666666,1.1333333333333333,0.37916666666666665,0.216,1.4476333333333333,0.2555,0.72475,0.63,0.8,0.1492,0.30972,0.46872882222222234,Joe Ryan,1.25,0.244,1.4,5.49,2026-05-09 00:00:00
Jorbit Vivas,WSN,MIA,0.4,0.1,0.0,0.0,0.5172413793103449,0.3,0.1,0.9655172413793105,0.6206896551724139,0.20443349753694584,0.000,0.8411896551724138,0.221,0.8026,0.40,0.6,0.1492,0.33,0.3337448888888888,Janson Junk,0.7142857142857143,0.211,0.7,2.715,2026-05-09 00:00:00
Alejandro Osuna,TEX,CHC,0.3,0.1,0.0,0.0,0.3846153846153846,0.2,0.2,0.6923076923076925,0.46153846153846156,0.19780219780219782,0.000,0.7310384615384615,0.24625,1.544575,0.54,0.7,0.14821999999999996,0.476,0.5002067222222222,Edward Cabrera,0.7142857142857143,0.2545,1.05,3.285,2026-05-09 00:00:00
Willson Contreras,BOS,TBR,0.5,0.1,0.0,0.1,0.6756756756756757,0.3,0.5,1.4054054054054055,1.0810810810810811,0.13063063063063063,0.298,1.2721810810810812,0.225,0.68085,0.58,0.7,0.14786,0.25,0.3882132222222221,Nick Martinez,0.3333333333333333,0.2,0.6,2.35,2026-05-09 00:00:00
Andy Pages,LAD,ATL,0.7,0.1,0.0,0.2,1,0.5,0.7,2.189189189189189,1.6756756756756759,0.07432432432432433,0.319,1.6756756756756759,0.168,0.32730000000000004,0.35,0.6,0.14745999999999998,0.5815384615384616,0.3558421025641026,Spencer Strider,,0,0,0,2026-05-09 00:00:00
Tyler O'Neill,BAL,ATH,0.5,0.0,0.0,0.1,0.5333333333333333,0.4,0.3,1.2666666666666666,0.7333333333333334,0.2130952380952381,0.000,1.0220833333333332,0.26875000000000004,1.37555,0.53,0.8,0.14664,0.6230000000000001,0.5536941111111111,Aaron Civale,0.7857142857142857,0.2705,0.95,3.015,2026-05-09 00:00:00
Carson Kelly,CHC,TEX,0.6,0.1,0.0,0.0,0.6521739130434783,0.2,0.3,1.0869565217391304,0.7391304347826086,0.2360248447204969,0.000,1.0478304347826086,0.25925,1.1263750000000001,0.57,0.7,0.14624,0.3453333333333333,0.4510358333333333,Jack Leiter,0.8571428571428571,0.2595,1.65,5.529999999999999,2026-05-09 00:00:00
Drake Baldwin,ATL,LAD,0.5,0.1,0.0,0.1,0.6551724137931034,0.4,0.4,1.4482758620689657,1.03448275862069,0.04310344827586208,0.283,1.03448275862069,0.1665,0.60025,0.32,0.6,0.14600000000000002,0.8325,0.4308927777777778,Blake Snell,,0,0,0,2026-05-09 00:00:00
Sal Frelick,MIL,NYY,0.5,0.1,0.0,0.1,0.6666666666666666,0.5,0.2,1.3333333333333333,0.9090909090909091,0.030303030303030304,0.265,0.9090909090909091,0.139,1.1031,0.21,0.5,0.14577999999999997,1.0008000000000001,0.425018888888889,Cam Schlittler,,0,0,0,2026-05-09 00:00:00
Josh Jung,TEX,CHC,0.6,0.3,0.0,0.1,1.03030303030303,0.3,0.5,1.818181818181818,1.606060606060606,0.27705627705627706,0.313,1.868560606060606,0.2935,0.8405499999999999,0.64,0.9,0.14510000000000003,0.6007391304347827,0.585817734299517,Edward Cabrera,0.7142857142857143,0.25,0.9,3.66,2026-05-09 00:00:00
Jonny DeLuca,TBR,BOS,0.2,0.2,0.0,0.1,0.4545454545454545,0.4,0.4,1.2272727272727273,0.9090909090909091,0.06818181818181818,0.258,0.9090909090909091,0.128,0.3035,0.22,0.5,0.14403999999999995,0.30254545454545456,0.20866050505050504,Payton Tolle,,0,0,0,2026-05-09 00:00:00
Jorge Polanco,NYM,ARI,0.4,0.2,0.0,0.1,0.6923076923076923,0.2,0.2,1.0000000000000002,1.153846153846154,0.07692307692307693,0.000,1.153846153846154,0.1125,0.49325,0.15,0.4,0.1436,0.41785714285714287,0.1947727777777778,Merrill Kelly,,0,0,0,2026-05-09 00:00:00
Bryson Stott,PHI,COL,0.3,0.0,0.0,0.1,0.3333333333333333,0.1,0.2,0.6,0.5333333333333334,0.21666666666666667,0.209,0.8476333333333335,0.316,3.47125,0.56,1.0,0.14336,3.213,1.4933327777777776,Kyle Freeland,0.8,0.275,0.85,4.69,2026-05-09 00:00:00
Oswald Peraza,LAA,TOR,0.3,0.1,0.0,0.0,0.4827586206896552,0.2,0.1,0.7586206896551725,0.6896551724137931,0.03448275862068966,0.000,0.6896551724137931,0.1205,0.37305,0.24,0.4,0.14228,0.2677777777777778,0.17391411111111113,Trey Yesavage,,0,0,0,2026-05-09 00:00:00
Matt Chapman,SFG,PIT,0.5,0.1,0.0,0.0,0.6363636363636364,0.3,0.2,1.1818181818181817,0.8484848484848485,0.20887445887445888,0.077,1.0682848484848484,0.214,0.7615000000000001,0.40,0.6,0.14178000000000002,0.214,0.3027188888888888,Braxton Ashcraft,0.7142857142857143,0.214,0.4,3.43,2026-05-09 00:00:00
William Contreras,MIL,NYY,0.7,0.1,0.0,0.1,0.8823529411764706,0.5,0.6,1.9705882352941175,1.2647058823529411,0.051470588235294115,0.298,1.2647058823529411,0.1485,0.8431000000000001,0.24,0.5,0.14172,1.0799999999999998,0.46109933333333325,Cam Schlittler,,0,0,0,2026-05-09 00:00:00
Eugenio Suárez,CIN,HOU,0.5,0.1,0.0,0.1,0.68,0.3,0.4,1.3599999999999999,1.04,0.05,0.000,1.04,0.118,0.29825,0.24,0.4,0.14150000000000001,0.2467272727272727,0.16303419191919188,Spencer Arrighetti,,0,0,0,2026-05-09 00:00:00
Carlos Cortes,ATH,BAL,0.6,0.1,0.0,0.1,0.8666666666666667,0.3,0.5,1.6666666666666665,1.4333333333333331,0.4595238095238095,0.387,1.774233333333333,0.3085,1.8364250000000002,0.58,1.0,0.14064,1.242888888888889,0.8346932777777777,Shane Baz,1.5714285714285714,0.288,0.8999999999999999,4.955,2026-05-09 00:00:00
Luisangel Acuña,CHW,SEA,0.4,0.0,0.0,0.0,0.4782608695652174,0.3,0.1,0.9130434782608694,0.5217391304347827,0.2608695652173913,0.000,0.8521391304347827,0.263,1.28945,0.51,0.7,0.14004000000000003,0.324,0.4375469999999999,Luis Castillo,1,0.31,1,6.31,2026-05-09 00:00:00
Masyn Winn,STL,SDP,0.5,0.1,0.1,0.0,0.7096774193548387,0.4,0.4,1.4838709677419355,0.9999999999999999,0.04032258064516129,0.260,0.9999999999999999,0.117,0.3713,0.24,0.4,0.1397,0.32175000000000004,0.1858346666666667,Randy Vásquez,,0,0,0,2026-05-09 00:00:00
Matt McLain,CIN,HOU,0.4,0.2,0.0,0.1,0.5789473684210527,0.3,0.2,1.105263157894737,0.8947368421052633,0.05263157894736843,0.163,0.8947368421052633,0.1,0.35975,0.18,0.4,0.13778,0.21250000000000002,0.12702722222222218,Spencer Arrighetti,,0,0,0,2026-05-09 00:00:00
Garrett Mitchell,MIL,NYY,0.2,0.2,0.0,0.0,0.4545454545454545,0.3,0.5,1.3333333333333333,0.7272727272727272,0.053030303030303025,0.162,0.7272727272727272,0.096,0.37305,0.30,0.4,0.13756000000000002,0.16457142857142856,0.1572918888888889,Cam Schlittler,,0,0,0,2026-05-09 00:00:00
Kyle Tucker,LAD,ATL,0.5,0.2,0.0,0.1,0.7777777777777778,0.6,0.3,1.722222222222222,1.222222222222222,0.06944444444444443,0.289,1.222222222222222,0.1285,0.50935,0.25,0.5,0.13699999999999998,0.44975,0.26004655555555556,Spencer Strider,,0,0,0,2026-05-09 00:00:00
Casey Schmitt,SFG,PIT,0.3,0.2,0.0,0.2,0.7241379310344828,0.3,0.4,1.4482758620689657,1.4827586206896552,0.3091133004926108,0.318,1.7200586206896553,0.237,0.971325,0.46,0.8,0.13661999999999996,0.32561904761904764,0.4422495000000001,Braxton Ashcraft,0.8571428571428571,0.211,0.65,3.02,2026-05-09 00:00:00
Nolan Schanuel,LAA,TOR,0.6,0.3,0.0,0.1,0.8823529411764706,0.3,0.4,1.5,1.323529411764706,0.08088235294117647,0.311,1.323529411764706,0.144,0.4426,0.27,0.5,0.1365,0.46799999999999997,0.2764848888888889,Trey Yesavage,,0,0,0,2026-05-09 00:00:00
Jorge Barrosa,ARI,NYM,0.1,0.2,0.0,0.0,0.3809523809523809,0.1,0.1,0.619047619047619,0.7142857142857143,0.2142857142857143,0.000,0.9039857142857143,0.1765,0.9040750000000001,0.45,0.6,0.13558,0.09842105263157896,0.289111283625731,Clay Holmes,0.5714285714285714,0.183,0.65,1.665,2026-05-09 00:00:00
Luke Keaschall,MIN,CLE,0.4,0.1,0.0,0.0,0.5555555555555556,0.3,0.2,1.1111111111111112,0.7777777777777779,0.19791666666666669,0.317,1.057777777777778,0.267,1.1735499999999999,0.49,0.7,0.13380000000000003,0.48642857142857143,0.4819796666666666,Tanner Bibee,0.625,0.307,0.5,5.4,2026-05-09 00:00:00
Ernie Clement,TOR,LAA,0.6,0.3,0.0,0.0,0.8888888888888888,0.3,0.2,1.3333333333333333,1.25,0.18353174603174605,0.178,1.4341,0.23249999999999998,1.1369500000000001,0.49,0.7,0.1331,0.9354545454545453,0.5971553838383837,Jack Kochanowicz,0.42857142857142855,0.171,0.8,3.27,2026-05-09 00:00:00
Brice Matthews,HOU,CIN,0.3,0.1,0.0,0.1,0.4583333333333333,0.3,0.3,1.0833333333333333,0.8333333333333333,0.19494047619047616,0.308,1.0499833333333333,0.22125,0.96775,0.57,0.7,0.13305999999999998,0.25,0.4325605555555557,Chase Burns,0.5714285714285714,0.1925,1.1,2.125,2026-05-09 00:00:00
Jorge Mateo,ATL,LAD,0.2,0.0,0.0,0.1,0.3,0.2,0.1,0.6,0.6000000000000001,0.025,0.000,0.6000000000000001,0.0835,0.05845,0.29,0.3,0.13280000000000003,0.04554545454545454,0.08990417171717169,Blake Snell,,0,0,0,2026-05-09 00:00:00
Agustín Ramírez,MIA,WSN,0.4,0.1,0.0,0.0,0.5161290322580645,0.3,0.3,1.096774193548387,0.6774193548387096,0.30990783410138245,0.000,1.0981193548387096,0.24575,1.1837499999999999,0.47,0.7,0.13072,0.1875,0.3955272222222222,Zack Littell,1.1428571428571428,0.2965,3.6,7.225,2026-05-09 00:00:00
Edmundo Sosa,PHI,COL,0.4,0.1,0.0,0.0,0.5625,0.2,0.1,0.875,0.6875,0.23125,0.000,1.0018,0.274,1.00115,0.66,0.8,0.13039999999999996,0.3336666666666667,0.5022623333333334,Kyle Freeland,0.8,0.275,0.85,4.69,2026-05-09 00:00:00
Luis Robert Jr.,NYM,ARI,0.5,0.1,0.0,0.0,0.6818181818181818,0.2,0.1,1.0454545454545454,0.8181818181818182,0.0340909090909091,0.000,0.8181818181818182,0.1135,0.49885,0.23,0.4,0.12969999999999998,0.3480666666666667,0.19363411111111117,Merrill Kelly,,0,0,0,2026-05-09 00:00:00
Michael Busch,CHC,TEX,0.4,0.2,0.0,0.1,0.6857142857142857,0.3,0.4,1.4285714285714284,1.1142857142857143,0.32142857142857145,0.289,1.4348857142857143,0.2575,1.37045,0.55,0.8,0.12941999999999998,0.323,0.49535811111111105,Jack Leiter,1,0.277,1.7,4.71,2026-05-09 00:00:00
Jose Altuve,HOU,CIN,0.4,0.2,0.0,0.1,0.696969696969697,0.5,0.2,1.4545454545454546,1.212121212121212,0.15476190476190477,0.171,1.356321212121212,0.196,0.6293,0.45,0.6,0.12869999999999998,0.336875,0.36688300000000007,Chase Burns,0.2857142857142857,0.147,0.5,0.93,2026-05-09 00:00:00
Spencer Steer,CIN,HOU,0.4,0.1,0.0,0.1,0.6388888888888888,0.3,0.2,1.1388888888888888,1.0277777777777777,0.05555555555555555,0.273,1.0277777777777777,0.1185,0.3063,0.27,0.4,0.12856,0.24440625,0.19402952777777777,Spencer Arrighetti,,0,0,0,2026-05-09 00:00:00
Ramón Laureano,SDP,STL,0.5,0.1,0.1,0.2,0.7272727272727273,0.4,0.5,1.606060606060606,1.3636363636363635,0.3374125874125874,0.132,1.6796863636363635,0.27749999999999997,0.8507,0.57,0.9,0.12847999999999998,0.24666666666666665,0.4669897777777779,Dustin May,1.0769230769230769,0.315,0.6,5.18,2026-05-09 00:00:00
Bobby Witt Jr.,KCR,DET,0.7,0.2,0.0,0.1,0.9210526315789473,0.3,0.3,1.6052631578947367,1.3421052631578947,0.06578947368421054,0.327,1.3421052631578947,0.1435,0.5174,0.31,0.5,0.12775999999999998,0.5245172413793103,0.3202043831417624,Burch Smith,,0,0,0,2026-05-09 00:00:00
Austin Hays,CHW,SEA,0.5,0.0,0.0,0.1,0.6363636363636364,0.3,0.6,1.5454545454545454,0.9090909090909091,0.16558441558441558,0.000,1.224790909090909,0.296,0.9840500000000001,0.60,0.8,0.12695999999999996,0.1582,0.4362123333333333,Luis Castillo,0.5714285714285714,0.366,0.6,6.46,2026-05-09 00:00:00
Miguel Amaya,CHC,TEX,0.4,0.0,0.0,0.1,0.5333333333333333,0.5,0.5,1.5333333333333332,0.9333333333333332,0.2476190476190476,0.000,1.242033333333333,0.23225,1.130575,0.49,0.8,0.12638,0.19035714285714286,0.4110878333333334,Jack Leiter,0.8571428571428571,0.2595,1.65,5.529999999999999,2026-05-09 00:00:00
Teoscar Hernández,LAD,ATL,0.5,0.1,0.0,0.1,0.6666666666666666,0.5,0.5,1.6363636363636362,1.090909090909091,0.045454545454545456,0.243,1.090909090909091,0.117,0.2245,0.29,0.4,0.12506,0.1770810810810811,0.1757704804804805,Spencer Strider,,0,0,0,2026-05-09 00:00:00
Andrew Benintendi,CHW,SEA,0.4,0.1,0.1,0.1,0.6285714285714286,0.3,0.5,1.4,1.0571428571428572,0.3142857142857143,0.256,1.3875428571428572,0.2695,1.08115,0.63,0.8,0.12504000000000004,0.1868157894736842,0.47019297660818704,Luis Castillo,1,0.31,1,6.31,2026-05-09 00:00:00
Spencer Horwitz,PIT,SFG,0.5,0.1,0.0,0.1,0.6571428571428571,0.3,0.4,1.3142857142857143,1.0571428571428572,0.15714285714285714,0.237,1.2233928571428572,0.2205,1.7175250000000002,0.41,0.7,0.12468000000000003,0.5831111111111111,0.5174203888888889,Landen Roupp,0.42857142857142855,0.185,0.2,3.055,2026-05-09 00:00:00
Ryan O'Hearn,PIT,SFG,0.6,0.1,0.0,0.1,0.7941176470588235,0.4,0.5,1.6764705882352942,1.2647058823529411,0.23739495798319327,0.213,1.459305882352941,0.2415,1.58005,0.57,0.8,0.12408000000000001,0.484576923076923,0.5618489829059828,Landen Roupp,0.7142857142857143,0.19,0.4,4.03,2026-05-09 00:00:00
Carlos Correa,HOU,CIN,0.5,0.2,0.0,0.0,0.7142857142857143,0.5,0.3,1.5,0.9285714285714286,0.125,0.290,1.0727714285714285,0.194,0.6314,0.51,0.6,0.1238,0.3143478260869565,0.36171250241545894,Chase Burns,0.2857142857142857,0.147,0.5,0.93,2026-05-09 00:00:00
Jac Caglianone,KCR,DET,0.4,0.1,0.0,0.1,0.6285714285714286,0.4,0.2,1.1714285714285715,1.0571428571428572,0.05714285714285715,0.225,1.0571428571428572,0.1235,0.37795,0.32,0.5,0.12314,0.2717,0.23833522222222223,Burch Smith,,0,0,0,2026-05-09 00:00:00
Hunter Goodman,COL,PHI,0.4,0.2,0.0,0.2,0.7941176470588235,0.5,0.4,1.6470588235294117,1.5882352941176472,0.34558823529411764,0.233,1.889935294117647,0.256,0.5791000000000001,0.62,0.9,0.12235999999999998,0.25362162162162166,0.4834556096096096,Aaron Nola,1,0.236,1.4,4.74,2026-05-09 00:00:00
Josh Smith,TEX,CHC,0.5,0.1,0.0,0.0,0.6,0.2,0.2,1,0.6666666666666666,0.19523809523809524,0.000,0.9361666666666666,0.24425000000000002,1.6486750000000001,0.54,0.7,0.12138000000000003,0.594,0.5523327222222221,Edward Cabrera,0.7142857142857143,0.2545,1.05,3.285,2026-05-09 00:00:00
Jacob Young,WSN,MIA,0.5,0.1,0.0,0.1,0.6363636363636364,0.4,0.4,1.3636363636363635,0.8787878787878788,0.20887445887445888,0.233,1.0992878787878788,0.22349999999999998,0.6579,0.45,0.6,0.12133999999999999,0.3015555555555555,0.36840288888888884,Janson Junk,0.7142857142857143,0.211,0.7,2.715,2026-05-09 00:00:00
Jonathan India,KCR,DET,0.3,0.1,0.0,0.1,0.4666666666666667,0.3,0.4,1.2000000000000002,0.7333333333333334,0.03333333333333333,0.000,0.7333333333333334,0.113,0.3699,0.24,0.4,0.12096000000000001,0.28250000000000003,0.19888955555555554,Burch Smith,,0,0,0,2026-05-09 00:00:00
Zack Gelof,ATH,BAL,0.3,0.1,0.0,0.1,0.5294117647058824,0.5,0.4,1.4117647058823528,0.9999999999999998,0.45168067226890757,0.286,1.3408999999999998,0.2845,1.169625,0.64,0.9,0.12039999999999997,0.30654545454545457,0.5606935606060606,Shane Baz,1.5714285714285714,0.288,0.8999999999999999,4.955,2026-05-09 00:00:00
Rhys Hoskins,CLE,MIN,0.2,0.2,0.0,0.1,0.56,0.4,0.3,1.28,1.04,0.314375,0.154,1.28885,0.22775,1.191925,0.56,0.8,0.1195,0.29577272727272724,0.48552630808080804,Joe Ryan,0.9375,0.2145,0.7,3.69,2026-05-09 00:00:00
Colton Cowser,BAL,ATH,0.3,0.1,0.0,0.0,0.3666666666666666,0.3,0.1,0.7666666666666666,0.43333333333333335,0.2130952380952381,0.000,0.7220833333333333,0.21875,0.9337500000000001,0.51,0.6,0.11907999999999998,0.14696,0.34962157777777786,Aaron Civale,0.7857142857142857,0.2705,0.95,3.015,2026-05-09 00:00:00
TJ Friedl,CIN,HOU,0.4,0.2,0.0,0.1,0.6176470588235294,0.4,0.2,1.1764705882352942,0.9705882352941178,0.058823529411764705,0.244,0.9705882352941178,0.094,0.3552,0.17,0.4,0.11832000000000001,0.2009655172413793,0.13126234482758614,Spencer Arrighetti,,0,0,0,2026-05-09 00:00:00
Jeremiah Jackson,BAL,ATH,0.5,0.1,0.0,0.2,0.7096774193548387,0.3,0.6,1.5806451612903225,1.2903225806451615,0.2609447004608295,0.171,1.5790725806451613,0.25625,0.7296500000000001,0.51,0.8,0.11806,0.242,0.4262845555555555,Aaron Civale,0.7857142857142857,0.2705,0.95,3.015,2026-05-09 00:00:00
Pete Crow-Armstrong,CHC,TEX,0.4,0.1,0.0,0.1,0.6111111111111112,0.5,0.3,1.4166666666666667,1.027777777777778,0.3055555555555556,0.277,1.348377777777778,0.258,1.2303,0.57,0.8,0.11789999999999998,0.26768000000000003,0.48925728888888886,Jack Leiter,1,0.277,1.7,4.71,2026-05-09 00:00:00
Andruw Monasterio,BOS,TBR,0.4,0.2,0.0,0.0,0.6153846153846154,0.2,0.2,1.076923076923077,0.8461538461538463,0.23076923076923078,0.000,1.0561538461538462,0.22949999999999998,0.811075,0.52,0.7,0.11675999999999999,0.35714285714285715,0.42607116666666667,Nick Martinez,0.6923076923076923,0.209,0.6499999999999999,1.85,2026-05-09 00:00:00
José Caballero,NYY,MIL,0.3,0.0,0.0,0.1,0.4782608695652174,0.2,0.2,0.9130434782608696,0.9130434782608693,0.1684782608695652,0.268,1.1548934782608693,0.2575,0.903625,0.58,0.8,0.11645999999999998,0.20114285714285715,0.45677194444444447,Kyle Harrison,0.5,0.259,0.4,2.9,2026-05-09 00:00:00
Gabriel Moreno,ARI,NYM,0.3,0.4,0.0,0.0,0.6875,0.4,0.3,1.375,1.0625,0.1294642857142857,0.000,1.2172,0.213,1.0429,0.49,0.7,0.11642000000000001,0.3409090909090909,0.4275529898989899,Clay Holmes,0.14285714285714285,0.176,0.5,1.4,2026-05-09 00:00:00
Gabriel Arias,CLE,MIN,0.3,0.1,0.0,0.2,0.6,0.2,0.4,1.2000000000000002,1.3,0.309375,0.000,1.54885,0.23775000000000002,0.842775,0.63,0.9,0.11634,0.2088,0.4869405,Joe Ryan,0.9375,0.2145,0.7,3.69,2026-05-09 00:00:00
Jeremy Peña,HOU,CIN,0.5,0.3,0.0,0.0,0.8,0.4,0.0,1.2000000000000002,1.1,0.21785714285714286,0.000,1.31665,0.21725,1.0163,0.47,0.6,0.11603999999999999,0.484,0.4522913333333333,Chase Burns,0.5714285714285714,0.1925,1.1,2.125,2026-05-09 00:00:00
Mike Yastrzemski,ATL,LAD,0.1,0.0,0.0,0.0,0.1428571428571428,0.1,0.0,0.2857142857142856,0.1428571428571428,0,0.212,0.1428571428571428,0.0665,0.21225,0.15,0.2,0.116,0.0798,0.03963455555555555,Blake Snell,,0,0,0,2026-05-09 00:00:00
Isaac Paredes,HOU,CIN,0.5,0.1,0.0,0.1,0.6363636363636364,0.4,0.3,1.3636363636363635,0.9696969696969698,0.1093073593073593,0.349,1.1138969696969698,0.1985,0.7062,0.46,0.6,0.11580000000000001,0.3875,0.39579422222222216,Chase Burns,0.2857142857142857,0.147,0.5,0.93,2026-05-09 00:00:00
Nick Kurtz,ATH,BAL,0.5,0.1,0.0,0.2,0.7272727272727273,0.5,0.4,1.6363636363636365,1.333333333333333,0.461038961038961,0.265,1.674233333333333,0.28200000000000003,1.5292750000000002,0.69,1.0,0.11539999999999996,0.44516129032258067,0.6491405501792115,Shane Baz,1.5714285714285714,0.288,0.8999999999999999,4.955,2026-05-09 00:00:00
Travis d'Arnaud,LAA,TOR,0.3,0.1,0.0,0.0,0.3333333333333333,0.2,0.0,0.5,0.41666666666666663,0.020833333333333332,0.000,0.41666666666666663,0.0835,0.35065,0.16,0.3,0.11509999999999998,0.167,0.09903233333333339,Trey Yesavage,,0,0,0,2026-05-09 00:00:00
Nathan Lukes,TOR,LAA,0.5,0.2,0.0,0.0,0.65,0.3,0.4,1.3,0.8500000000000001,0.15714285714285714,0.000,1.0306000000000002,0.2235,1.1965750000000002,0.49,0.7,0.11483999999999998,0.3825,0.4450822777777778,Jack Kochanowicz,0.42857142857142855,0.192,0.4,3.03,2026-05-09 00:00:00
Nick Yorke,PIT,SFG,0.3,0.1,0.0,0.0,0.4761904761904762,0.1,0.1,0.7142857142857143,0.6190476190476188,0.07142857142857141,0.000,0.7569476190476189,0.20650000000000002,1.00265,0.42,0.6,0.11407999999999997,0.3029,0.3672798888888889,Landen Roupp,0.14285714285714285,0.18,0,2.08,2026-05-09 00:00:00
Brandon Nimmo,TEX,CHC,0.6,0.1,0.0,0.1,0.7941176470588235,0.4,0.2,1.3823529411764706,1.2058823529411766,0.2300420168067227,0.286,1.4823823529411766,0.27,1.56815,0.67,0.8,0.11354000000000002,0.5486190476190477,0.6362734444444446,Edward Cabrera,0.7142857142857143,0.259,1.2,2.91,2026-05-09 00:00:00
Sam Antonacci,CHW,SEA,0.6,0.1,0.1,0.1,0.85,0.5,0.4,1.7000000000000002,1.3,0.3125,0.324,1.6304,0.3155,1.65225,0.65,1.0,0.11306000000000001,1.4766,0.9343007777777778,Luis Castillo,1,0.31,1,6.31,2026-05-09 00:00:00
J.T. Realmuto,PHI,COL,0.5,0.0,0.0,0.0,0.5,0.1,0.1,0.7,0.5,0.25,0.000,0.7988999999999999,0.2595,1.1845,0.58,0.7,0.11297999999999998,0.789,0.6045655555555556,Kyle Freeland,1,0.256,1.7,5.23,2026-05-09 00:00:00
Carter Jensen,KCR,DET,0.4,0.1,0.0,0.2,0.5882352941176471,0.3,0.4,1.3235294117647058,1.1764705882352942,0.058823529411764705,0.095,1.1764705882352942,0.1135,0.30595,0.30,0.5,0.11290000000000001,0.19713157894736844,0.2214316198830409,Burch Smith,,0,0,0,2026-05-09 00:00:00
Nasim Nuñez,WSN,MIA,0.4,0.0,0.0,0.0,0.4242424242424243,0.3,0.3,1.0303030303030303,0.4848484848484848,0.18614718614718614,0.313,0.7053484848484848,0.194,0.9822,0.37,0.5,0.11218000000000002,0.2765625,0.32996727777777773,Janson Junk,0.7142857142857143,0.211,0.7,2.715,2026-05-09 00:00:00
Byron Buxton,MIN,CLE,0.3,0.1,0.0,0.3,0.7941176470588235,0.6,0.5,1.8529411764705883,1.9411764705882355,0.27389705882352944,0.327,2.2211764705882353,0.28700000000000003,0.9859,0.54,1.0,0.1119,0.33375,0.5478706666666667,Tanner Bibee,0.625,0.307,0.5,5.4,2026-05-09 00:00:00
Josh Naylor,SEA,CHW,0.3,0.1,0.0,0.0,0.35,0.1,0.2,0.6,0.4,0.0125,0.348,0.4539,0.128,0.5509,0.29,0.4,0.11176000000000001,0.16272727272727272,0.19257985858585858,Anthony Kay,0,0.077,0,1.17,2026-05-09 00:00:00
Joey Ortiz,MIL,NYY,0.3,0.0,0.0,0.0,0.36,0.4,0.2,0.9199999999999999,0.4,0.01,0.000,0.4,0.0865,0.2748,0.18,0.3,0.11174,0.18630769230769229,0.10296970940170938,Cam Schlittler,,0,0,0,2026-05-09 00:00:00
Trevor Story,BOS,TBR,0.4,0.1,0.0,0.1,0.5555555555555556,0.3,0.3,1.0833333333333335,0.8055555555555556,0.11805555555555555,0.196,0.9966555555555556,0.19,0.5015,0.50,0.5,0.11105999999999999,0.10883720930232557,0.2940599741602067,Nick Martinez,0.3333333333333333,0.2,0.6,2.35,2026-05-09 00:00:00
Steven Kwan,CLE,MIN,0.5,0.1,0.0,0.0,0.6176470588235294,0.4,0.2,1.1764705882352942,0.8235294117647058,0.3492647058823529,0.209,1.1378294117647059,0.23349999999999999,1.3045,0.50,0.7,0.11072,0.6504166666666666,0.5504444444444443,Joe Ryan,1.25,0.244,1.4,5.49,2026-05-09 00:00:00
Tyler Heineman,TOR,LAA,0.2,0.0,0.0,0.0,0.2352941176470588,0.2,0.1,0.588235294117647,0.2352941176470588,0.10714285714285714,0.000,0.41589411764705875,0.1605,1.1668250000000002,0.33,0.4,0.1102,0.0645,0.23661949999999998,Jack Kochanowicz,0.42857142857142855,0.192,0.4,3.03,2026-05-09 00:00:00
Cole Young,SEA,CHW,0.3,0.0,0.0,0.1,0.4482758620689655,0.1,0.3,0.8620689655172413,0.7586206896551724,0.034482758620689655,0.357,0.8125206896551723,0.18,0.523,0.44,0.6,0.11008,0.35374999999999995,0.3810722222222222,Anthony Kay,0,0.077,0,1.17,2026-05-09 00:00:00
Brendan Donovan,SEA,CHW,0.4,0.0,0.0,0.0,0.3636363636363636,0.1,0.0,0.4545454545454545,0.3636363636363636,0,0.000,0.4175363636363636,0.1335,0.55545,0.31,0.4,0.11,0.19,0.20869366666666667,Anthony Kay,0,0.077,0,1.17,2026-05-09 00:00:00
Tristan Gray,MIN,CLE,0.5,0.1,0.0,0.1,0.6842105263157895,0.4,0.7,1.736842105263158,1.0526315789473681,0.2425986842105263,0.000,1.352581578947368,0.271,1.1705,0.57,0.8,0.10987999999999998,0.3543846153846154,0.5208276923076923,Tanner Bibee,0.8125,0.271,1.3,4.63,2026-05-09 00:00:00
CJ Kayfus,CLE,MIN,0.3,0.1,0.0,0.1,0.5,0.5,0.3,1.25,1,0.296875,0.000,1.24885,0.21275,0.9070750000000001,0.48,0.7,0.10985999999999999,0.211,0.40895005555555564,Joe Ryan,0.9375,0.2145,0.7,3.69,2026-05-09 00:00:00
Royce Lewis,MIN,CLE,0.3,0.0,0.0,0.1,0.5,0.3,0.4,1.1818181818181819,0.9545454545454548,0.20170454545454547,0.121,1.2345454545454548,0.2515,0.9746999999999999,0.52,0.8,0.10969999999999999,0.17733333333333334,0.425102,Tanner Bibee,0.625,0.307,0.5,5.4,2026-05-09 00:00:00
Blaze Alexander,BAL,ATH,0.5,0.1,0.0,0.0,0.5416666666666666,0.3,0.0,0.8749999999999999,0.625,0.21726190476190477,0.000,0.91375,0.24725000000000003,0.7349000000000001,0.63,0.7,0.10956000000000002,0.1527272727272727,0.4073809696969697,Aaron Civale,0.7857142857142857,0.2705,0.95,3.015,2026-05-09 00:00:00
Maikel Garcia,KCR,DET,0.5,0.2,0.0,0.0,0.7714285714285715,0.3,0.3,1.3714285714285714,1.1142857142857143,0.0642857142857143,0.277,1.1142857142857143,0.1155,0.4293,0.24,0.4,0.10916,0.394625,0.23953744444444447,Burch Smith,,0,0,0,2026-05-09 00:00:00
Tim Tawa,ARI,NYM,0.3,0.0,0.0,0.1,0.3125,0.1,0.3,0.6875,0.5,0.15848214285714285,0.000,0.6897,0.1775,0.9687250000000001,0.35,0.6,0.10906000000000002,0.19657142857142854,0.3050479444444444,Clay Holmes,0.5714285714285714,0.183,0.65,1.665,2026-05-09 00:00:00
Samuel Basallo,BAL,ATH,0.4,0.2,0.0,0.1,0.7333333333333333,0.3,0.5,1.5333333333333332,1.3666666666666667,0.27976190476190477,0.342,1.6554166666666665,0.26475000000000004,0.8862500000000001,0.60,0.8,0.10895999999999999,0.32375,0.5178372222222222,Aaron Civale,0.7857142857142857,0.2705,0.95,3.015,2026-05-09 00:00:00
Ceddanne Rafaela,BOS,TBR,0.5,0.0,0.0,0.1,0.6285714285714286,0.3,0.2,1.1142857142857143,0.8285714285714285,0.10476190476190475,0.333,1.0196714285714286,0.21350000000000002,0.7307999999999999,0.52,0.6,0.10866,0.2724,0.38740444444444433,Nick Martinez,0.3333333333333333,0.2,0.6,2.35,2026-05-09 00:00:00
Reese McGuire,CHW,SEA,0.4,0.0,0.0,0.0,0.4,0.1,0.2,0.7,0.4,0.25,0.000,0.7303999999999999,0.22899999999999998,1.13425,0.45,0.6,0.10837999999999999,0.11099999999999999,0.3448661111111111,Luis Castillo,1,0.31,1,6.31,2026-05-09 00:00:00
Dalton Rushing,LAD,ATL,0.4,0.1,0.0,0.4,0.8235294117647058,0.6,0.8,2.2941176470588234,1.9411764705882355,0.10294117647058826,0.222,1.9411764705882355,0.163,0.3378,0.32,0.8,0.10776,0.489,0.40903911111111113,Spencer Strider,,0,0,0,2026-05-09 00:00:00
Bryce Harper,PHI,COL,0.3,0.0,0.0,0.1,0.4482758620689655,0.2,0.3,1.0344827586206897,0.8620689655172414,0.19310344827586207,0.333,1.1917689655172414,0.265,1.13895,0.54,0.9,0.10707999999999998,0.3812307692307692,0.5391682820512821,Kyle Freeland,0.6,0.294,0,4.15,2026-05-09 00:00:00
Fernando Tatis Jr.,SDP,STL,0.7,0.1,0.0,0.0,0.7777777777777778,0.3,0.4,1.4166666666666667,0.861111111111111,0.22916666666666669,0.244,1.113111111111111,0.253,0.5483,0.63,0.7,0.10617999999999998,0.32799999999999996,0.44889133333333336,Dustin May,0.8333333333333334,0.26,0,5.27,2026-05-09 00:00:00
Lane Thomas,KCR,DET,0.3,0.0,0.0,0.0,0.3043478260869565,0.1,0.1,0.5217391304347825,0.3043478260869565,0,0.000,0.3043478260869565,0.097,0.7015500000000001,0.19,0.3,0.1059,0.32333333333333336,0.1916707777777778,Burch Smith,,0,0,0,2026-05-09 00:00:00
Yainer Diaz,HOU,CIN,0.4,0.1,0.0,0.1,0.64,0.1,0.5,1.24,1,0.12142857142857143,0.000,1.1442,0.188,0.4084,0.42,0.6,0.10371999999999998,0.3271428571428572,0.3420506666666666,Chase Burns,0.2857142857142857,0.147,0.5,0.93,2026-05-09 00:00:00
Francisco Alvarez,NYM,ARI,0.4,0.1,0.0,0.1,0.5757575757575758,0.3,0.2,1.0606060606060606,0.9393939393939393,0.045454545454545456,0.243,0.9393939393939393,0.1205,0.44295,0.28,0.5,0.10362000000000002,0.2677777777777778,0.24093477777777775,Merrill Kelly,,0,0,0,2026-05-09 00:00:00
Tyler Soderstrom,ATH,BAL,0.3,0.3,0.0,0.1,0.7419354838709677,0.6,0.5,1.806451612903226,1.4516129032258065,0.5771889400921659,0.194,1.8142129032258065,0.29700000000000004,1.9883000000000002,0.57,1.0,0.10350000000000001,0.49335,0.6621026666666666,Shane Baz,1.8571428571428572,0.341,0.4,5.57,2026-05-09 00:00:00
Randy Arozarena,SEA,CHW,0.3,0.1,0.0,0.1,0.5,0.4,0.2,1.05,0.9,0.55,0.256,1.3424,0.3085,1.60165,0.64,1.0,0.10304,0.34363636363636363,0.6340549595959595,Anthony Kay,2,0.347,2.4,7.25,2026-05-09 00:00:00
Oneil Cruz,PIT,SFG,0.4,0.1,0.0,0.1,0.6216216216216216,0.5,0.5,1.5405405405405406,1.135135135135135,0.23938223938223938,0.191,1.329735135135135,0.2025,1.28505,0.53,0.7,0.10250000000000002,0.18743589743589745,0.43397394017094004,Landen Roupp,0.7142857142857143,0.19,0.4,4.03,2026-05-09 00:00:00
Adrian Del Castillo,ARI,NYM,0.4,0.1,0.0,0.1,0.6818181818181818,0.3,0.7,1.6818181818181817,1.2272727272727275,0.21103896103896105,0.147,1.4169727272727275,0.20700000000000002,0.918425,0.52,0.7,0.10232000000000001,0.19082608695652176,0.4037723599033816,Clay Holmes,0.5714285714285714,0.183,0.65,1.665,2026-05-09 00:00:00
Matt Wallner,MIN,CLE,0.3,0.0,0.0,0.1,0.4516129032258064,0.3,0.2,0.935483870967742,0.7741935483870968,0.282258064516129,0.133,1.0940935483870968,0.216,1.3565,0.51,0.7,0.10223999999999998,0.13980645161290323,0.43046247311827956,Tanner Bibee,1,0.235,2.1,3.86,2026-05-09 00:00:00
Graham Pauley,MIA,WSN,0.2,0.2,0.0,0.0,0.4444444444444444,0.2,0.3,0.9629629629629629,0.7777777777777778,0.3505291005291005,0.000,1.1984777777777778,0.23525,1.10405,0.47,0.8,0.10197999999999999,0.14789999999999998,0.41356388888888895,Zack Littell,1.1428571428571428,0.2965,3.6,7.225,2026-05-09 00:00:00
Logan O'Hoppe,LAA,TOR,0.3,0.0,0.0,0.0,0.375,0.3,0.3,0.875,0.49999999999999994,0.010416666666666664,0.000,0.49999999999999994,0.0865,0.3657,0.22,0.3,0.10171999999999998,0.14705,0.13906266666666672,Trey Yesavage,,0,0,0,2026-05-09 00:00:00
Ryan McMahon,NYY,MIL,0.2,0.1,0.0,0.0,0.2666666666666667,0.1,0.1,0.4666666666666667,0.33333333333333337,0.09999999999999999,0.302,0.6182333333333334,0.2665,1.41275,0.64,0.7,0.10158000000000002,0.15555555555555556,0.4804072222222223,Kyle Harrison,0.3333333333333333,0.333,0,4.26,2026-05-09 00:00:00
Luis García Jr.,WSN,MIA,0.4,0.2,0.0,0.0,0.6666666666666666,0.4,0.4,1.4545454545454546,1,0.23917748917748918,0.000,1.2205,0.22399999999999998,0.7865,0.48,0.7,0.10072000000000002,0.4266,0.4473624444444444,Janson Junk,0.7142857142857143,0.211,0.7,2.715,2026-05-09 00:00:00
Ronald Acuña Jr.,ATL,LAD,0.2,0.1,0.0,0.0,0.375,0.4,0.0,0.75,0.5833333333333333,0.041666666666666664,0.000,0.5833333333333333,0.1045,0.3671,0.27,0.4,0.10043999999999999,0.24383333333333335,0.21085933333333334,Blake Snell,,0,0,0,2026-05-09 00:00:00
Gavin Sheets,SDP,STL,0.2,0.3,0.0,0.2,0.6666666666666666,0.4,0.4,1.4545454545454546,1.3939393939393938,0.37529137529137524,0.214,1.7099893939393938,0.2745,0.8405499999999999,0.54,0.9,0.10041999999999998,0.273,0.49792522222222224,Dustin May,1.0769230769230769,0.315,0.6,5.18,2026-05-09 00:00:00
Freddie Freeman,LAD,ATL,0.6,0.3,0.0,0.1,0.9117647058823529,0.3,0.5,1.6764705882352942,1.411764705882353,0.08823529411764706,0.265,1.411764705882353,0.149,0.581,0.36,0.5,0.09984,0.7187058823529411,0.4304243137254902,Spencer Strider,,0,0,0,2026-05-09 00:00:00
Jung Hoo Lee,SFG,PIT,0.5,0.2,0.0,0.0,0.7714285714285715,0.3,0.2,1.2571428571428571,1.1142857142857143,0.3142857142857143,0.261,1.3690857142857142,0.243,1.4949500000000002,0.54,0.8,0.09928,0.7484615384615386,0.6338751196581197,Braxton Ashcraft,1,0.208,0.9,2.61,2026-05-09 00:00:00
Mark Vientos,NYM,ARI,0.3,0.1,0.0,0.1,0.5555555555555556,0.3,0.5,1.2962962962962963,1.074074074074074,0.055555555555555546,0.235,1.074074074074074,0.112,0.2944,0.21,0.5,0.09899999999999999,0.24640000000000004,0.2103226666666667,Merrill Kelly,,0,0,0,2026-05-09 00:00:00
Max Muncy,LAD,BAL,0.4,0.1,0.0,0.2,0.7352941176470589,0.6,0.3,1.5588235294117647,1.3823529411764706,0.39495798319327735,0.242,1.7015529411764705,0.2535,1.02195,0.62,0.9,0.09846,0.43318518518518523,0.5865932962962963,Shane Baz,1.2857142857142858,0.235,1.4,4.34,2026-05-09 00:00:00
Alec Bohm,PHI,COL,0.2,0.1,0.0,0.0,0.3181818181818182,0.0,0.2,0.5909090909090909,0.4090909090909091,0.2727272727272727,0.162,0.7079909090909091,0.2175,1.03105,0.49,0.6,0.09733999999999998,0.2557142857142857,0.4101785555555555,Kyle Freeland,1,0.256,1.7,5.23,2026-05-09 00:00:00
Will Smith,LAD,ATL,0.6,0.1,0.0,0.1,0.7931034482758621,0.4,0.5,1.6896551724137931,1.2068965517241381,0.0517241379310345,0.241,1.2068965517241381,0.14,0.44155,0.30,0.5,0.09698,0.5786666666666668,0.3545396666666667,Spencer Strider,,0,0,0,2026-05-09 00:00:00
Darell Hernaiz,ATH,BAL,0.3,0.0,0.0,0.0,0.2857142857142857,0.1,0.1,0.5714285714285713,0.2857142857142857,0.39285714285714285,0.200,0.6266142857142857,0.22749999999999998,1.6046749999999999,0.45,0.6,0.09696000000000002,0.334,0.4539238333333333,Shane Baz,1.5714285714285714,0.288,0.8999999999999999,4.955,2026-05-09 00:00:00
JJ Wetherholt,STL,SDP,0.4,0.1,0.0,0.1,0.6666666666666666,0.7,0.4,1.777777777777778,1.2222222222222223,0.06944444444444445,0.259,1.2222222222222223,0.1225,0.5816999999999999,0.26,0.5,0.09661999999999998,0.45325,0.3179142222222222,Randy Vásquez,,0,0,0,2026-05-09 00:00:00
Cam Smith,HOU,CIN,0.4,0.1,0.0,0.1,0.5789473684210527,0.3,0.4,1.3157894736842106,0.9473684210526314,0.12406015037593983,0.200,1.0915684210526315,0.193,0.57095,0.55,0.6,0.09638000000000004,0.2775483870967742,0.40820165949820786,Chase Burns,0.2857142857142857,0.147,0.5,0.93,2026-05-09 00:00:00
Wilyer Abreu,BOS,TBR,0.5,0.1,0.0,0.1,0.7297297297297297,0.2,0.4,1.2972972972972974,1.2972972972972971,0.31756756756756754,0.319,1.5261972972972973,0.244,1.2496,0.53,0.8,0.09621999999999999,0.4146428571428572,0.5393560000000001,Nick Martinez,1,0.218,0.7,1.35,2026-05-09 00:00:00
Matt Olson,ATL,LAD,0.1,0.3,0.0,0.1,0.4838709677419355,0.4,0.3,1.1935483870967742,1.032258064516129,0.08870967741935484,0.310,1.032258064516129,0.127,0.4398,0.30,0.6,0.09615999999999997,0.3436470588235294,0.31167139869281046,Blake Snell,,0,0,0,2026-05-09 00:00:00
Danny Jansen,TEX,CHC,0.3,0.1,0.0,0.1,0.5217391304347826,0.2,0.3,1.0434782608695652,0.9999999999999999,0.24378881987577639,0.167,1.2694999999999999,0.22125,0.964375,0.54,0.7,0.09391999999999996,0.13316666666666668,0.41731250000000014,Edward Cabrera,0.7142857142857143,0.2545,1.05,3.285,2026-05-09 00:00:00
Colson Montgomery,CHW,SEA,0.3,0.2,0.0,0.1,0.6,0.3,0.5,1.4,1.1999999999999997,0.4357142857142857,0.200,1.5450999999999997,0.2375,1.1848999999999998,0.57,0.8,0.09376000000000002,0.2276969696969697,0.5113669292929294,Luis Castillo,1.4285714285714286,0.254,1.4,6.16,2026-05-09 00:00:00
Dylan Beavers,BAL,ATH,0.4,0.2,0.0,0.1,0.5806451612903226,0.4,0.3,1.2580645161290323,0.935483870967742,0.25288018433179726,0.172,1.2242338709677418,0.24375000000000002,1.0138,0.58,0.7,0.09368000000000003,0.26039999999999996,0.47903222222222225,Aaron Civale,0.7857142857142857,0.2705,0.95,3.015,2026-05-09 00:00:00
Bo Bichette,NYM,ARI,0.6,0.1,0.0,0.0,0.7297297297297297,0.3,0.2,1.2432432432432432,0.8648648648648649,0.02027027027027027,0.213,0.8648648648648649,0.1185,0.2224,0.29,0.4,0.09352000000000003,0.3099230769230769,0.22238023931623924,Merrill Kelly,,0,0,0,2026-05-09 00:00:00
Ramón Urías,STL,SDP,0.2,0.1,0.0,0.0,0.3125,0.3,0.1,0.6875,0.4375,0.03125,0.000,0.4375,0.061,0.33455,0.07,0.2,0.09351999999999999,0.13724999999999998,0.06459411111111116,Randy Vásquez,,0,0,0,2026-05-09 00:00:00
Xander Bogaerts,SDP,STL,0.5,0.0,0.0,0.2,0.75,0.4,0.6,1.7222222222222223,1.361111111111111,0.2638888888888889,0.227,1.613111111111111,0.256,0.6853,0.55,0.8,0.09325999999999998,0.42000000000000004,0.5163468888888889,Dustin May,0.8333333333333334,0.26,0,5.27,2026-05-09 00:00:00
Trent Grisham,NYY,MIL,0.2,0.1,0.0,0.0,0.3043478260869565,0.3,0.3,0.8695652173913042,0.5217391304347826,0.11594202898550723,0.200,0.8066391304347826,0.2725,1.54415,0.56,0.8,0.09319999999999998,0.30622222222222223,0.5375245555555557,Kyle Harrison,0.3333333333333333,0.333,0,4.26,2026-05-09 00:00:00
Willy Adames,SFG,PIT,0.3,0.3,0.0,0.1,0.696969696969697,0.3,0.2,1.1818181818181817,1.2424242424242422,0.2694805194805195,0.167,1.4622242424242422,0.2185,0.6216999999999999,0.50,0.7,0.09305999999999996,0.17569696969696968,0.38893715151515157,Braxton Ashcraft,0.7142857142857143,0.214,0.4,3.43,2026-05-09 00:00:00
Marcus Semien,NYM,ARI,0.4,0.1,0.0,0.1,0.5945945945945946,0.2,0.3,1.1621621621621623,0.8648648648648649,0.04054054054054054,0.227,0.8648648648648649,0.103,0.28565,0.22,0.4,0.09273999999999996,0.25544,0.18836664444444454,Merrill Kelly,,0,0,0,2026-05-09 00:00:00
Kyle Schwarber,PHI,COL,0.2,0.1,0.0,0.1,0.4137931034482759,0.2,0.1,0.7931034482758621,0.8275862068965517,0.21034482758620687,0.260,1.1572862068965517,0.2525,0.9478000000000001,0.63,0.8,0.09183999999999996,0.1822272727272727,0.5079405252525253,Kyle Freeland,0.6,0.294,0,4.15,2026-05-09 00:00:00
Jakob Marsee,MIA,WSN,0.4,0.1,0.0,0.0,0.5,0.4,0.2,1.1315789473684212,0.6578947368421053,0.4191729323308271,0.167,1.1828947368421052,0.2485,1.37375,0.51,0.8,0.09041999999999997,0.20766666666666667,0.48281833333333335,Zack Littell,1.5714285714285714,0.319,5.5,8.82,2026-05-09 00:00:00
Rafael Devers,SFG,PIT,0.4,0.1,0.0,0.1,0.5757575757575758,0.3,0.4,1.2424242424242424,0.9696969696969696,0.30303030303030304,0.250,1.2244969696969696,0.2105,1.20905,0.53,0.7,0.09036,0.1678181818181818,0.43611653535353534,Braxton Ashcraft,1,0.208,0.9,2.61,2026-05-09 00:00:00
Francisco Lindor,NYM,ARI,0.5,0.1,0.1,0.1,0.7619047619047619,0.5,0.2,1.476190476190476,1.3333333333333335,0.07142857142857142,0.000,1.3333333333333335,0.116,0.3692,0.28,0.5,0.09006000000000002,0.3138823529411765,0.2648679477124183,Merrill Kelly,,0,0,0,2026-05-09 00:00:00
Moisés Ballesteros,CHC,TEX,0.4,0.1,0.0,0.2,0.7352941176470589,0.4,0.6,1.6764705882352942,1.3823529411764706,0.28781512605042014,0.105,1.6910529411764705,0.27325,1.263025,0.58,0.9,0.08790000000000003,0.6888,0.6800232777777777,Jack Leiter,0.8571428571428571,0.2595,1.65,5.529999999999999,2026-05-09 00:00:00
Vaughn Grissom,LAA,TOR,0.3,0.1,0.0,0.1,0.4705882352941176,0.2,0.3,0.9999999999999999,0.7647058823529411,0.044117647058823525,0.267,0.7647058823529411,0.138,1.4274,0.28,0.5,0.0877,0.8280000000000001,0.49295066666666665,Trey Yesavage,,0,0,0,2026-05-09 00:00:00
Victor Caratini,MIN,CLE,0.4,0.0,0.0,0.0,0.44,0.1,0.3,0.8400000000000001,0.44,0.203125,0.000,0.73995,0.2395,1.07925,0.50,0.6,0.08668,0.2946666666666667,0.4373316666666667,Tanner Bibee,0.8125,0.271,1.3,4.63,2026-05-09 00:00:00
Eli White,ATL,LAD,0.3,0.1,0.1,0.1,0.4666666666666667,0.1,0.3,0.9333333333333333,0.8666666666666667,0.05,0.000,0.8666666666666667,0.1295,0.3,0.31,0.5,0.08663999999999998,0.37,0.30712666666666666,Blake Snell,,0,0,0,2026-05-09 00:00:00
Brandon Lowe,PIT,SFG,0.3,0.3,0.0,0.3,0.84375,0.6,0.7,2.09375,1.84375,0.3035714285714286,0.297,2.03835,0.245,1.7810000000000001,0.56,0.9,0.08661999999999997,0.7764705882352941,0.7339850980392157,Landen Roupp,0.7142857142857143,0.19,0.4,4.03,2026-05-09 00:00:00
Jarred Kelenic,CHW,SEA,0.4,0.0,0.0,0.0,0.4285714285714285,0.0,0.1,0.5714285714285713,0.4285714285714285,0.25,0.000,0.7589714285714284,0.255,1.62425,0.57,0.7,0.08661999999999997,0.4,0.545223888888889,Luis Castillo,1,0.31,1,6.31,2026-05-09 00:00:00
Alex Bregman,CHC,TEX,0.5,0.1,0.0,0.1,0.7105263157894737,0.3,0.2,1.263157894736842,1.0526315789473684,0.23120300751879697,0.174,1.3494315789473683,0.2385,1.1339000000000001,0.56,0.7,0.08638000000000003,0.35685185185185186,0.513516962962963,Jack Leiter,0.7142857142857143,0.242,1.6,6.35,2026-05-09 00:00:00
Nathaniel Lowe,CIN,HOU,0.4,0.2,0.0,0.2,0.8076923076923077,0.3,0.6,1.7307692307692308,1.6923076923076925,0.10576923076923078,0.279,1.6923076923076925,0.1545,0.3937,0.40,0.7,0.08607999999999998,0.47163157894736846,0.4228210643274855,Spencer Arrighetti,,0,0,0,2026-05-09 00:00:00
Kerry Carpenter,DET,KCR,0.3,0.1,0.1,0.2,0.5555555555555556,0.3,0.5,1.3055555555555556,1.2222222222222223,0.3194444444444444,0.182,1.4462222222222223,0.20350000000000001,0.99185,0.52,0.7,0.0856,0.19354054054054054,0.4518801291291292,Michael Wacha,1,0.19,1,2.57,2026-05-09 00:00:00
Brett Sullivan,COL,PHI,0.2,0.2,0.0,0.0,0.3888888888888889,0.1,0.1,0.5555555555555556,0.5555555555555556,0.2916666666666667,0.000,0.8838555555555556,0.2285,1.059475,0.54,0.7,0.08493999999999999,0.1376923076923077,0.41929345726495726,Aaron Nola,1,0.278,1.45,5.07,2026-05-09 00:00:00
Daylen Lile,WSN,MIA,0.4,0.2,0.0,0.1,0.6578947368421053,0.5,0.3,1.473684210526316,1.0789473684210527,0.3515037593984962,0.116,1.3708473684210527,0.256,1.1038000000000001,0.57,0.8,0.08488000000000001,0.38945454545454544,0.5399508282828283,Janson Junk,1.1428571428571428,0.274,0.9,4.43,2026-05-09 00:00:00
Brett Baty,NYM,ARI,0.4,0.1,0.0,0.0,0.5714285714285714,0.3,0.3,1.2,0.8285714285714286,0.042857142857142864,0.121,0.8285714285714286,0.1055,0.28845,0.28,0.4,0.08452,0.22607142857142856,0.21130922222222226,Merrill Kelly,,0,0,0,2026-05-09 00:00:00
Kyle Higashioka,TEX,CHC,0.3,0.1,0.0,0.1,0.4375,0.3,0.2,0.9375,0.6875,0.20982142857142858,0.000,0.957,0.21075,1.028675,0.53,0.6,0.08344,0.11788235294117648,0.40048200326797384,Edward Cabrera,0.7142857142857143,0.2545,1.05,3.285,2026-05-09 00:00:00
Drew Millas,WSN,MIA,0.3,0.1,0.0,0.0,0.4761904761904762,0.3,0.2,1.0476190476190477,0.7619047619047618,0.22619047619047616,0.000,0.9824047619047618,0.2015,0.7763500000000001,0.44,0.6,0.0833,0.208,0.3707987777777777,Janson Junk,0.7142857142857143,0.211,0.7,2.715,2026-05-09 00:00:00
James Outman,MIN,CLE,0.1,0.1,0.0,0.0,0.1578947368421053,0.3,0.0,0.4210526315789474,0.26315789473684204,0.2294407894736842,0.000,0.563107894736842,0.191,1.0579,0.43,0.6,0.08285999999999999,0.05045454545454545,0.3249357171717172,Tanner Bibee,0.8125,0.271,1.3,4.63,2026-05-09 00:00:00
Mike Trout,LAA,TOR,0.4,0.1,0.0,0.2,0.6842105263157895,0.6,0.4,1.736842105263158,1.4473684210526316,0.07236842105263158,0.311,1.4473684210526316,0.126,0.66735,0.30,0.6,0.08262000000000003,0.39282352941176474,0.36185603267973854,Trey Yesavage,,0,0,0,2026-05-09 00:00:00
Jazz Chisholm Jr.,NYY,MIL,0.3,0.0,0.0,0.0,0.2916666666666667,0.1,0.2,0.5833333333333334,0.41666666666666663,0.09375,0.184,0.7015666666666667,0.248,1.3215,0.47,0.7,0.08254,0.15046153846153848,0.420490341880342,Kyle Harrison,0.3333333333333333,0.333,0,4.26,2026-05-09 00:00:00
Kyle Manzardo,CLE,MIN,0.4,0.1,0.0,0.1,0.5151515151515151,0.2,0.3,0.9999999999999999,0.7878787878787878,0.3503787878787879,0.250,1.1021787878787879,0.2165,0.6352500000000001,0.60,0.7,0.08232,0.13428947368421051,0.41550716374269003,Joe Ryan,1.25,0.244,1.4,5.49,2026-05-09 00:00:00
Sal Stewart,CIN,HOU,0.4,0.1,0.0,0.2,0.717948717948718,0.5,0.7,1.8717948717948718,1.358974358974359,0.07051282051282053,0.173,1.358974358974359,0.1175,0.43035,0.24,0.5,0.08166000000000001,0.3525,0.28197211111111115,Spencer Arrighetti,,0,0,0,2026-05-09 00:00:00
Caleb Durbin,BOS,TBR,0.3,0.2,0.0,0.0,0.5454545454545454,0.4,0.3,1.2424242424242422,0.8181818181818181,0.2261072261072261,0.233,1.028181818181818,0.2015,0.995925,0.45,0.6,0.08093999999999998,0.29670588235294115,0.41144870261437905,Nick Martinez,0.6923076923076923,0.209,0.6499999999999999,1.85,2026-05-09 00:00:00
Jonathan Aranda,TBR,BOS,0.3,0.0,0.0,0.0,0.3478260869565217,0.3,0.1,0.7391304347826085,0.4782608695652174,0.010869565217391306,0.319,0.4782608695652174,0.108,0.523,0.35,0.4,0.08084,0.27,0.2741955555555555,Payton Tolle,,0,0,0,2026-05-09 00:00:00
Nathan Church,STL,SDP,0.3,0.1,0.0,0.2,0.625,0.4,0.4,1.40625,1.21875,0.0703125,0.260,1.21875,0.1125,0.15705,0.24,0.5,0.08077999999999999,0.225,0.22436522222222224,Randy Vásquez,,0,0,0,2026-05-09 00:00:00
Yoán Moncada,LAA,TOR,0.3,0.0,0.0,0.1,0.5,0.3,0.3,1,0.875,0.0390625,0.000,0.875,0.1015,0.37024999999999997,0.31,0.4,0.08027999999999996,0.18335483870967742,0.23160768817204302,Trey Yesavage,,0,0,0,2026-05-09 00:00:00
Brandon Valenzuela,TOR,LAA,0.4,0.0,0.0,0.1,0.4705882352941176,0.3,0.2,0.9411764705882353,0.8235294117647058,0.13655462184873948,0.000,1.0041294117647057,0.2015,1.3185250000000002,0.49,0.7,0.07975999999999998,0.19341666666666665,0.4344803888888889,Jack Kochanowicz,0.42857142857142855,0.192,0.4,3.03,2026-05-09 00:00:00
Heriberto Hernández,MIA,WSN,0.4,0.0,0.0,0.0,0.3888888888888889,0.2,0.3,0.8333333333333334,0.3888888888888889,0.2857142857142857,0.000,0.8095888888888889,0.24025,1.4518,0.53,0.7,0.07886000000000001,0.299,0.5006346666666667,Zack Littell,1.1428571428571428,0.2965,3.6,7.225,2026-05-09 00:00:00
Nico Hoerner,CHC,TEX,0.5,0.2,0.0,0.1,0.7428571428571429,0.4,0.5,1.5714285714285714,1.1142857142857143,0.24285714285714288,0.234,1.4110857142857143,0.246,1.7929999999999997,0.54,0.8,0.07839999999999998,1.1388888888888888,0.7835688888888888,Jack Leiter,0.7142857142857143,0.242,1.6,6.35,2026-05-09 00:00:00
Joc Pederson,TEX,CHC,0.4,0.0,0.0,0.1,0.5,0.3,0.2,1.0294117647058822,0.7058823529411765,0.20063025210084034,0.000,0.9753823529411765,0.23475000000000001,1.180025,0.59,0.7,0.07812,0.2752,0.49754305555555567,Edward Cabrera,0.7142857142857143,0.2545,1.05,3.285,2026-05-09 00:00:00
Matt Vierling,DET,KCR,0.2,0.2,0.0,0.0,0.4347826086956522,0.1,0.3,0.8695652173913042,0.7391304347826088,0.30434782608695654,0.222,0.9984804347826087,0.20450000000000002,1.0912,0.52,0.7,0.07700000000000001,0.2142857142857143,0.4429164444444444,Michael Wacha,1,0.209,1.05,3.215,2026-05-09 00:00:00
James Wood,WSN,MIA,0.3,0.1,0.0,0.2,0.6052631578947368,0.6,0.4,1.6842105263157896,1.2894736842105263,0.36466165413533835,0.200,1.5813736842105264,0.2595,1.13285,0.67,0.9,0.07695999999999999,0.2901315789473684,0.596136730994152,Janson Junk,1.1428571428571428,0.274,0.9,4.43,2026-05-09 00:00:00
CJ Abrams,WSN,MIA,0.3,0.1,0.0,0.2,0.6842105263157895,0.4,0.7,1.8157894736842106,1.5,0.37124060150375937,0.317,1.7919,0.28300000000000003,1.2702,0.59,1.0,0.07664,0.6813333333333333,0.7195119999999998,Janson Junk,1.1428571428571428,0.274,0.9,4.43,2026-05-09 00:00:00
Owen Caissie,MIA,WSN,0.3,0.1,0.0,0.1,0.5,0.3,0.4,1.2058823529411764,0.7941176470588236,0.32983193277310924,0.000,1.2148176470588234,0.24925,1.0478,0.63,0.8,0.07545999999999997,0.15005714285714286,0.49909066666666657,Zack Littell,1.1428571428571428,0.2965,3.6,7.225,2026-05-09 00:00:00
Everson Pereira,CHW,SEA,0.3,0.2,0.0,0.1,0.5625,0.4,0.3,1.1875,1.125,0.328125,0.000,1.4554,0.253,1.0067,0.55,0.8,0.07536000000000001,0.12682352941176472,0.46944147712418305,Luis Castillo,1,0.31,1,6.31,2026-05-09 00:00:00
Roman Anthony,BOS,TBR,0.3,0.1,0.0,0.0,0.5357142857142857,0.3,0.1,1,0.857142857142857,0.30357142857142855,0.241,1.086042857142857,0.21050000000000002,1.2453999999999998,0.52,0.7,0.07485999999999998,0.25984,0.4728414222222223,Nick Martinez,1,0.218,0.7,1.35,2026-05-09 00:00:00
Marcell Ozuna,PIT,SFG,0.4,0.1,0.0,0.1,0.5714285714285714,0.3,0.4,1.1785714285714286,0.8928571428571427,0.08035714285714285,0.278,1.0307571428571427,0.18,0.77615,0.38,0.5,0.0748,0.12413793103448276,0.31202762068965517,Landen Roupp,0.14285714285714285,0.18,0,2.08,2026-05-09 00:00:00
Daulton Varsho,TOR,LAA,0.4,0.1,0.0,0.1,0.6176470588235294,0.3,0.2,1.1176470588235294,1.0294117647058825,0.16596638655462187,0.209,1.2065117647058825,0.223,1.6581000000000001,0.52,0.7,0.07451999999999999,0.38833333333333336,0.5410882222222222,Jack Kochanowicz,0.42857142857142855,0.213,0,2.79,2026-05-09 00:00:00
J.P. Crawford,SEA,CHW,0.3,0.0,0.0,0.1,0.3,0.3,0.1,0.7,0.45,0.2625,0.233,0.69815,0.203,2.2598000000000003,0.42,0.7,0.07428000000000001,0.6208,0.6057153333333334,Anthony Kay,1,0.212,1.2,4.21,2026-05-09 00:00:00
Carlos Narváez,BOS,TBR,0.3,0.1,0.0,0.1,0.4583333333333333,0.3,0.1,0.875,0.7916666666666667,0.21474358974358973,0.000,1.0016666666666667,0.188,0.729625,0.45,0.6,0.07427999999999997,0.10688,0.3450905666666667,Nick Martinez,0.6923076923076923,0.209,0.6499999999999999,1.85,2026-05-09 00:00:00
Zach Neto,LAA,TOR,0.3,0.2,0.0,0.1,0.6410256410256411,0.5,0.4,1.5128205128205128,1.205128205128205,0.07692307692307693,0.191,1.205128205128205,0.107,0.36885,0.30,0.4,0.07409999999999996,0.2089047619047619,0.25569100000000006,Trey Yesavage,,0,0,0,2026-05-09 00:00:00
Jared Triolo,PIT,SFG,0.2,0.1,0.0,0.0,0.3333333333333333,0.2,0.1,0.6666666666666667,0.4444444444444444,0.1349206349206349,0.000,0.6106944444444444,0.1605,1.0118749999999999,0.39,0.5,0.0739,0.09066666666666667,0.2990880555555556,Landen Roupp,0.42857142857142855,0.185,0.2,3.055,2026-05-09 00:00:00
Tyler Stephenson,CIN,HOU,0.4,0.1,0.0,0.1,0.5333333333333333,0.2,0.2,0.8666666666666668,0.8333333333333333,0.04166666666666667,0.229,0.8333333333333333,0.108,0.3671,0.34,0.4,0.07359999999999996,0.23328000000000002,0.26018884444444446,Spencer Arrighetti,,0,0,0,2026-05-09 00:00:00
Cody Bellinger,NYY,MIL,0.2,0.2,0.0,0.1,0.4615384615384616,0.2,0.4,1.076923076923077,0.9615384615384617,0.16025641025641024,0.333,1.2464384615384616,0.313,2.3493500000000003,0.59,1.0,0.07246000000000002,1.2306,0.948846777777778,Kyle Harrison,0.3333333333333333,0.333,0,4.26,2026-05-09 00:00:00
Kazuma Okamoto,TOR,LAA,0.4,0.1,0.0,0.3,0.6666666666666666,0.5,0.6,1.6944444444444444,1.4722222222222223,0.18353174603174605,0.298,1.6563222222222223,0.2,1.1373000000000002,0.53,0.7,0.07176,0.20665853658536587,0.4814535013550136,Jack Kochanowicz,0.42857142857142855,0.171,0.8,3.27,2026-05-09 00:00:00
Brady House,WSN,MIA,0.3,0.1,0.0,0.1,0.5,0.3,0.4,1.21875,0.9375,0.11830357142857142,0.235,1.0866,0.16499999999999998,0.6069,0.40,0.6,0.07071999999999999,0.1308125,0.3205437222222222,Janson Junk,0.2857142857142857,0.148,0.5,1,2026-05-09 00:00:00
Yordan Alvarez,HOU,CIN,0.4,0.2,0.0,0.2,0.8,0.5,0.5,1.7428571428571429,1.6,0.3142857142857143,0.255,1.8891,0.27649999999999997,2.1830499999999997,0.58,1.0,0.07030000000000002,1.0575,0.8843385555555557,Chase Burns,0.8571428571428571,0.238,1.7,3.32,2026-05-09 00:00:00
Liam Hicks,MIA,WSN,0.6,0.1,0.0,0.2,0.8823529411764706,0.5,0.9,2.264705882352941,1.676470588235294,0.36659663865546216,0.313,2.097170588235294,0.31675,1.55145,0.63,1.1,0.07025999999999998,1.4491,1.0012416666666666,Zack Littell,1.1428571428571428,0.2965,3.6,7.225,2026-05-09 00:00:00
Nick Fortes,TBR,BOS,0.4,0.0,0.0,0.0,0.3928571428571428,0.1,0.0,0.4999999999999999,0.4285714285714286,0.008928571428571428,0.267,0.4285714285714286,0.117,0.09275,0.32,0.3,0.07017999999999996,0.234,0.2199605555555556,Payton Tolle,,0,0,0,2026-05-09 00:00:00
Nolan Gorman,STL,SDP,0.4,0.1,0.0,0.1,0.6486486486486487,0.3,0.5,1.4324324324324325,1.135135135135135,0.05405405405405404,0.222,1.135135135135135,0.1155,0.29964999999999997,0.32,0.4,0.06903999999999998,0.24420000000000003,0.27398166666666673,Randy Vásquez,,0,0,0,2026-05-09 00:00:00
George Springer,TOR,LAA,0.4,0.1,0.0,0.1,0.5555555555555556,0.2,0.2,0.8888888888888891,0.9444444444444444,0.1488095238095238,0.000,1.1285444444444444,0.178,1.2550500000000002,0.45,0.6,0.06835999999999998,0.24192307692307694,0.4229036837606838,Jack Kochanowicz,0.42857142857142855,0.171,0.8,3.27,2026-05-09 00:00:00
Matt Shaw,CHC,TEX,0.3,0.0,0.0,0.1,0.4285714285714285,0.2,0.2,0.8095238095238094,0.7619047619047619,0.25,0.000,1.0706047619047618,0.24225000000000002,0.9711750000000001,0.54,0.8,0.06668000000000002,0.27,0.5043571666666666,Jack Leiter,0.8571428571428571,0.2595,1.65,5.529999999999999,2026-05-09 00:00:00
Dillon Dingler,DET,KCR,0.4,0.1,0.0,0.2,0.6451612903225806,0.4,0.6,1.6129032258064515,1.2580645161290325,0.3225806451612903,0.216,1.5174145161290324,0.236,1.0507,0.58,0.8,0.06584,0.3506666666666667,0.5650553333333332,Michael Wacha,1,0.209,1.05,3.215,2026-05-09 00:00:00
Gunnar Henderson,BAL,ATH,0.4,0.1,0.0,0.2,0.6666666666666666,0.5,0.4,1.5833333333333333,1.3333333333333335,0.29067460317460314,0.176,1.6147333333333336,0.23600000000000002,1.07185,0.53,0.8,0.06541999999999998,0.16585365853658537,0.47283002439024385,Aaron Civale,0.8571428571428571,0.272,1.2,2.74,2026-05-09 00:00:00
Munetaka Murakami,CHW,SEA,0.3,0.0,0.0,0.3,0.6216216216216216,0.6,0.5,1.7567567567567568,1.5135135135135136,0.4314671814671815,0.200,1.8586135135135136,0.248,1.26635,0.61,1.0,0.06417999999999999,0.2738421052631579,0.6113101228070175,Luis Castillo,1.4285714285714286,0.254,1.4,6.16,2026-05-09 00:00:00
Salvador Perez,KCR,DET,0.4,0.1,0.0,0.1,0.5526315789473685,0.3,0.3,1.105263157894737,0.868421052631579,0.039473684210526314,0.250,0.868421052631579,0.0915,0.13779999999999998,0.23,0.3,0.06387999999999999,0.13455882352941176,0.16512002614379087,Burch Smith,,0,0,0,2026-05-09 00:00:00
Tyrone Taylor,NYM,ARI,0.2,0.0,0.0,0.0,0.2380952380952381,0.0,0.2,0.4761904761904763,0.2380952380952381,0,0.172,0.2380952380952381,0.0675,0.25765,0.16,0.2,0.06369999999999999,0.15750000000000003,0.113359,Merrill Kelly,,0,0,0,2026-05-09 00:00:00
Ezequiel Tovar,COL,PHI,0.3,0.2,0.0,0.0,0.5428571428571428,0.2,0.2,0.9714285714285713,0.8285714285714286,0.30714285714285716,0.108,1.1302714285714286,0.205,0.46720000000000006,0.51,0.6,0.06350000000000001,0.13470967741935483,0.37508404301075265,Aaron Nola,1,0.236,1.4,4.74,2026-05-09 00:00:00
Geraldo Perdomo,ARI,NYM,0.3,0.1,0.0,0.0,0.5161290322580645,0.3,0.2,1,0.8064516129032258,0.19124423963133638,0.143,0.9961516129032257,0.194,1.5936250000000003,0.50,0.6,0.06306,0.37382352941176467,0.5121725326797386,Clay Holmes,0.5714285714285714,0.183,0.65,1.665,2026-05-09 00:00:00
Spencer Torkelson,DET,KCR,0.3,0.1,0.0,0.2,0.5714285714285714,0.3,0.4,1.2285714285714284,1.1999999999999997,0.3214285714285714,0.205,1.4946999999999997,0.2205,1.1581000000000001,0.62,0.8,0.06012000000000001,0.20047058823529412,0.5362199869281046,Michael Wacha,1,0.228,1.1,3.86,2026-05-09 00:00:00
Richie Palacios,TBR,BOS,0.1,0.0,0.0,0.0,0.125,0.0,0.1,0.25,0.125,0,0.000,0.125,0.0715,0.4125,0.20,0.2,0.06000000000000001,0.143,0.1469011111111111,Payton Tolle,,0,0,0,2026-05-09 00:00:00
Michael Massey,KCR,DET,0.3,0.3,0.0,0.1,0.6363636363636364,0.4,0.4,1.409090909090909,1.1818181818181817,0.09090909090909091,0.212,1.1818181818181817,0.123,0.2259,0.34,0.5,0.059920000000000015,0.35953846153846153,0.3257492136752137,Burch Smith,,0,0,0,2026-05-09 00:00:00
Chase DeLauter,CLE,MIN,0.4,0.1,0.0,0.2,0.6764705882352942,0.3,0.5,1.5,1.3235294117647058,0.38602941176470584,0.487,1.6378294117647059,0.2525,1.44675,0.57,0.9,0.05926000000000001,0.8482500000000001,0.7470550000000001,Joe Ryan,1.25,0.244,1.4,5.49,2026-05-09 00:00:00
Pete Alonso,BAL,ATH,0.3,0.2,0.0,0.2,0.7142857142857143,0.6,0.6,1.857142857142857,1.457142857142857,0.2785714285714286,0.255,1.753242857142857,0.2535,0.81595,0.66,0.8,0.059179999999999996,0.31237499999999996,0.5785197777777777,Aaron Civale,0.7142857142857143,0.269,0.7,3.29,2026-05-09 00:00:00
Travis Bazzana,CLE,MIN,0.5,0.0,0.0,0.0,0.5,0.5,0.0,1,0.5,0.234375,0.200,0.74885,0.20224999999999999,2.233325,0.47,0.6,0.058480000000000004,0.6966666666666667,0.6277250555555556,Joe Ryan,0.9375,0.2145,0.7,3.69,2026-05-09 00:00:00
Otto Kemp,PHI,COL,0.3,0.0,0.0,0.0,0.25,0.0,0.0,0.25,0.25,0.2,0.000,0.5643,0.20400000000000001,0.8434999999999999,0.57,0.6,0.057499999999999996,0.057,0.38945888888888885,Kyle Freeland,0.8,0.275,0.85,4.69,2026-05-09 00:00:00
Cal Raleigh,SEA,CHW,0.2,0.0,0.0,0.0,0.2857142857142857,0.1,0.1,0.5238095238095237,0.4285714285714286,0.2619047619047619,0.105,0.6767214285714286,0.183,1.0907499999999999,0.43,0.6,0.057319999999999996,0.11549999999999999,0.37615944444444455,Anthony Kay,1,0.212,1.2,4.21,2026-05-09 00:00:00
Corbin Carroll,ARI,NYM,0.1,0.1,0.0,0.1,0.4193548387096774,0.5,0.4,1.3548387096774193,0.9999999999999998,0.3225806451612903,0.209,1.2246999999999997,0.1805,1.1599,0.54,0.7,0.0572,0.1651034482758621,0.4679007432950191,Clay Holmes,1,0.19,0.8,1.93,2026-05-09 00:00:00
Miguel Vargas,CHW,SEA,0.3,0.1,0.0,0.1,0.4722222222222222,0.5,0.3,1.25,0.7777777777777777,0.17757936507936506,0.238,1.0934777777777778,0.27649999999999997,1.6054500000000003,0.56,0.8,0.05698000000000002,0.2975,0.5734803333333333,Luis Castillo,0.5714285714285714,0.366,0.6,6.46,2026-05-09 00:00:00
Jake Rogers,DET,KCR,0.2,0.1,0.1,0.0,0.3636363636363636,0.3,0.4,0.9999999999999998,0.6363636363636364,0.29545454545454547,0.000,0.8957136363636363,0.1735,0.8706499999999999,0.46,0.6,0.054599999999999996,0.10733333333333335,0.36663677777777776,Michael Wacha,1,0.209,1.05,3.215,2026-05-09 00:00:00
Hao-Yu Lee,DET,KCR,0.2,0.1,0.0,0.0,0.3333333333333333,0.1,0.2,0.6666666666666666,0.4444444444444444,0.2777777777777778,0.000,0.7037944444444444,0.1795,0.93845,0.53,0.5,0.05397999999999999,0.09999999999999999,0.38504922222222226,Michael Wacha,1,0.209,1.05,3.215,2026-05-09 00:00:00
Griffin Conine,MIA,WSN,0.2,0.1,0.0,0.2,0.5555555555555556,0.4,0.4,1.4444444444444444,1.3333333333333333,0.369047619047619,0.000,1.7540333333333331,0.30474999999999997,1.2359,0.75,1.2,0.053000000000000005,0.4382,0.7801833333333333,Zack Littell,1.1428571428571428,0.2965,3.6,7.225,2026-05-09 00:00:00
Jake Burger,TEX,CHC,0.4,0.1,0.0,0.1,0.631578947368421,0.3,0.4,1.3157894736842104,1.1578947368421049,0.24436090225563906,0.156,1.4203947368421048,0.226,0.65665,0.57,0.7,0.05131999999999998,0.14740540540540542,0.45129695795795793,Edward Cabrera,0.7142857142857143,0.25,0.9,3.66,2026-05-09 00:00:00
Jarren Duran,BOS,TBR,0.3,0.1,0.0,0.1,0.5625,0.5,0.5,1.5625,1.03125,0.22776442307692307,0.189,1.24125,0.19,0.7911250000000001,0.48,0.6,0.05034,0.13893750000000002,0.3965855555555555,Nick Martinez,0.6923076923076923,0.209,0.6499999999999999,1.85,2026-05-09 00:00:00
José Ramírez,CLE,MIN,0.3,0.2,0.0,0.1,0.5128205128205128,0.4,0.2,1.0512820512820513,0.8205128205128207,0.2856570512820513,0.188,1.0693628205128207,0.20325,1.432325,0.50,0.7,0.05031999999999999,0.384,0.5310561666666666,Joe Ryan,0.9375,0.2145,0.7,3.69,2026-05-09 00:00:00
Kyle Karros,COL,PHI,0.3,0.1,0.0,0.0,0.3939393939393939,0.4,0.1,0.8787878787878788,0.5757575757575757,0.2803030303030303,0.265,0.8774575757575757,0.206,0.9621000000000001,0.51,0.6,0.049879999999999994,0.24486956521739128,0.4630205893719807,Aaron Nola,1,0.236,1.4,4.74,2026-05-09 00:00:00
Adolis García,PHI,COL,0.2,0.1,0.0,0.1,0.391304347826087,0.3,0.2,0.8695652173913044,0.7391304347826086,0.24347826086956523,0.234,1.0534304347826087,0.2625,1.1406,0.68,0.9,0.049659999999999954,0.35,0.6357760000000001,Kyle Freeland,0.8,0.275,0.85,4.69,2026-05-09 00:00:00
Kody Clemens,MIN,CLE,0.3,0.2,0.0,0.1,0.5384615384615384,0.3,0.3,1.1923076923076923,1.0384615384615388,0.27043269230769235,0.233,1.3384115384615387,0.2315,1.2348,0.56,0.8,0.04692,0.18400000000000002,0.518938,Tanner Bibee,0.8125,0.271,1.3,4.63,2026-05-09 00:00:00
Wenceel Pérez,DET,KCR,0.2,0.0,0.0,0.0,0.3333333333333333,0.3,0.0,0.6666666666666667,0.5238095238095238,0.27380952380952384,0.294,0.7831595238095238,0.188,1.20965,0.47,0.6,0.04604,0.334,0.47367011111111124,Michael Wacha,1,0.209,1.05,3.215,2026-05-09 00:00:00
Carson Benge,NYM,ARI,0.4,0.2,0.0,0.1,0.6363636363636364,0.4,0.3,1.3636363636363635,1.0606060606060606,0.0606060606060606,0.306,1.0606060606060606,0.107,0.3559,0.30,0.4,0.04427999999999996,0.2955238095238095,0.29170955555555556,Merrill Kelly,,0,0,0,2026-05-09 00:00:00
Victor Scott II,STL,SDP,0.2,0.1,0.0,0.0,0.2903225806451613,0.3,0.1,0.7096774193548387,0.45161290322580644,0.024193548387096774,0.171,0.45161290322580644,0.069,0.2727,0.24,0.3,0.043060000000000015,0.08832000000000001,0.16475382222222218,Randy Vásquez,,0,0,0,2026-05-09 00:00:00
Curtis Mead,WSN,MIA,0.1,0.1,0.0,0.1,0.32,0.2,0.3,0.8400000000000001,0.6799999999999999,0.2285714285714286,0.265,0.9004999999999999,0.208,1.5372,0.49,0.7,0.04222000000000002,0.46125,0.5907175555555555,Janson Junk,0.7142857142857143,0.211,0.7,2.715,2026-05-09 00:00:00
Miguel Rojas,LAD,ATL,0.4,0.0,0.0,0.0,0.3571428571428572,0.1,0.1,0.6428571428571428,0.3571428571428572,0,0.000,0.3571428571428572,0.0925,0.06265,0.22,0.2,0.04124000000000001,0.222,0.1799012222222222,Spencer Strider,,0,0,0,2026-05-09 00:00:00
Jesús Sánchez,TOR,LAA,0.5,0.1,0.0,0.1,0.6857142857142857,0.3,0.4,1.4,1.1142857142857143,0.15714285714285714,0.175,1.2948857142857144,0.2185,1.2577250000000002,0.58,0.7,0.038860000000000006,0.3408695652173913,0.5546858671497584,Jack Kochanowicz,0.42857142857142855,0.192,0.4,3.03,2026-05-09 00:00:00
Shohei Ohtani,LAD,ATL,0.4,0.2,0.0,0.1,0.625,0.6,0.4,1.5625,1.0625,0.0625,0.278,1.0625,0.11,0.58485,0.39,0.4,0.038839999999999944,0.295625,0.35719266666666677,Spencer Strider,,0,0,0,2026-05-09 00:00:00
Michael Harris II,ATL,LAD,0.3,0.1,0.0,0.1,0.35,0.1,0.2,0.6499999999999999,0.55,0.025,0.303,0.55,0.1165,0.35835,0.32,0.4,0.0372,0.41940000000000005,0.34706633333333337,Blake Snell,,0,0,0,2026-05-09 00:00:00
Trea Turner,PHI,COL,0.2,0.0,0.0,0.0,0.25,0.2,0.0,0.4999999999999999,0.41666666666666663,0.2708333333333333,0.222,0.7155666666666667,0.193,1.29035,0.47,0.6,0.03694000000000001,0.156,0.4428832222222222,Kyle Freeland,1,0.256,1.7,5.23,2026-05-09 00:00:00
Evan Carter,TEX,CHC,0.3,0.1,0.0,0.1,0.5277777777777778,0.3,0.3,1.1666666666666667,1,0.24107142857142858,0.086,1.2694999999999999,0.23175,1.382025,0.59,0.8,0.03639999999999999,0.3682380952380952,0.6022670555555556,Edward Cabrera,0.7142857142857143,0.2545,1.05,3.285,2026-05-09 00:00:00
Jackson Merrill,SDP,STL,0.5,0.1,0.0,0.1,0.7352941176470589,0.5,0.3,1.588235294117647,1.2352941176470587,0.38760504201680673,0.271,1.6153941176470585,0.2955,1.2062,0.63,0.9,0.03485999999999999,0.25046666666666667,0.6046426666666667,Dustin May,1.2857142857142858,0.37,1.2,5.09,2026-05-09 00:00:00
Julio Rodríguez,SEA,CHW,0.3,0.0,0.0,0.3,0.5263157894736842,0.4,0.5,1.4210526315789473,1.3157894736842104,0.3157894736842105,0.321,1.5639394736842105,0.23399999999999999,1.2624,0.51,0.9,0.03411999999999998,0.384,0.6246717777777778,Anthony Kay,1,0.212,1.2,4.21,2026-05-09 00:00:00
Lourdes Gurriel Jr.,ARI,NYM,0.4,0.1,0.0,0.0,0.5,0.3,0.2,1,0.5714285714285714,0.1607142857142857,0.314,0.7611285714285714,0.1885,1.319625,0.54,0.5,0.03238000000000002,0.388,0.5188819444444444,Clay Holmes,0.5714285714285714,0.183,0.65,1.665,2026-05-09 00:00:00
Leo Rivas,SEA,CHW,0.1,0.1,0.0,0.0,0.1052631578947368,0.1,0.0,0.2105263157894736,0.15789473684210525,0.2631578947368421,0.148,0.40604473684210524,0.1405,1.20675,0.34,0.4,0.031439999999999996,0.051750000000000004,0.3188161111111111,Anthony Kay,1,0.212,1.2,4.21,2026-05-09 00:00:00
Ty France,SDP,STL,0.4,0.1,0.1,0.2,0.7333333333333333,0.5,0.4,1.6666666666666665,1.5333333333333334,0.35256410256410253,0.000,1.8493833333333334,0.2985,1.31165,0.60,1.0,0.030879999999999977,1.8329999999999997,1.0855867777777777,Dustin May,1.0769230769230769,0.315,0.6,5.18,2026-05-09 00:00:00
Coby Mayo,BAL,ATH,0.3,0.0,0.0,0.0,0.3703703703703703,0.2,0.3,0.8148148148148147,0.5185185185185185,0.21494708994708994,0.125,0.8072685185185184,0.21125,0.8498500000000001,0.57,0.6,0.030639999999999987,0.10766666666666667,0.4388587777777779,Aaron Civale,0.7857142857142857,0.2705,0.95,3.015,2026-05-09 00:00:00
Jake Cronenworth,SDP,STL,0.3,0.1,0.0,0.0,0.3666666666666666,0.4,0.1,0.8666666666666665,0.5333333333333333,0.3464285714285715,0.000,0.9134333333333333,0.2565,1.46795,0.51,0.7,0.030459999999999994,0.17023809523809522,0.5205058888888889,Dustin May,1.2857142857142858,0.37,1.2,5.09,2026-05-09 00:00:00
Santiago Espinal,LAD,ATL,0.1,0.3,0.0,0.0,0.4285714285714285,0.4,0.0,0.857142857142857,0.7142857142857142,0.07142857142857142,0.000,0.7142857142857142,0.1665,0.11655,0.43,0.6,0.02892,0.49950000000000006,0.45898855555555557,Spencer Strider,,0,0,0,2026-05-09 00:00:00
Ben Williamson,TBR,BOS,0.3,0.1,0.0,0.0,0.4230769230769231,0.2,0.3,0.9230769230769231,0.6153846153846154,0.038461538461538464,0.308,0.6153846153846154,0.125,0.22904999999999998,0.42,0.4,0.026020000000000015,0.29545454545454547,0.35095027272727275,Payton Tolle,,0,0,0,2026-05-09 00:00:00
Giancarlo Stanton,NYY,MIL,0.0,0.2,0.0,0.1,0.3076923076923077,0.2,0.2,0.7692307692307694,0.7692307692307694,0.24358974358974358,0.000,0.9680307692307694,0.16949999999999998,0.9351499999999999,0.62,0.6,0.024860000000000028,0.1232,0.4854116666666665,Kyle Harrison,0.6666666666666666,0.185,0.8,1.54,2026-05-09 00:00:00
Vinnie Pasquantino,KCR,DET,0.3,0.1,0.0,0.1,0.5833333333333334,0.4,0.4,1.4166666666666667,1.1666666666666667,0.06944444444444445,0.256,1.1666666666666667,0.107,0.6278,0.28,0.5,0.023660000000000014,0.428,0.3787368888888889,Burch Smith,,0,0,0,2026-05-09 00:00:00
Henry Davis,PIT,SFG,0.2,0.1,0.0,0.1,0.4166666666666667,0.4,0.2,1,0.7916666666666665,0.15922619047619047,0.000,0.9579166666666665,0.17049999999999998,1.2935750000000001,0.43,0.6,0.02336,0.1755,0.4377833888888888,Landen Roupp,0.42857142857142855,0.185,0.2,3.055,2026-05-09 00:00:00
Nick Castellanos,SDP,STL,0.3,0.2,0.0,0.1,0.5555555555555556,0.2,0.5,1.2777777777777777,0.888888888888889,0.3247863247863248,0.000,1.204938888888889,0.25,0.7535000000000001,0.59,0.7,0.02100000000000002,0.161875,0.5023405555555556,Dustin May,1.0769230769230769,0.315,0.6,5.18,2026-05-09 00:00:00
Corey Seager,TEX,CHC,0.3,0.1,0.0,0.2,0.6176470588235294,0.5,0.5,1.6176470588235294,1.3823529411764706,0.2668067226890757,0.170,1.6588529411764705,0.239,1.48075,0.64,0.8,0.020539999999999975,0.2972142857142857,0.643525,Edward Cabrera,0.7142857142857143,0.259,1.2,2.91,2026-05-09 00:00:00
Connor Joe,SEA,CHW,0.1,0.0,0.0,0.1,0.2222222222222222,0.1,0.1,0.4444444444444444,0.5555555555555556,0.2777777777777778,0.000,0.8037055555555556,0.1775,1.10055,0.42,0.7,0.020499999999999984,0.0817142857142857,0.42866300000000007,Anthony Kay,1,0.212,1.2,4.21,2026-05-09 00:00:00
Derek Hill,CHW,SEA,0.1,0.0,0.0,0.0,0.08333333333333333,0.2,0.0,0.25000000000000006,0.08333333333333333,0.25,0.000,0.4137333333333333,0.1935,1.1227,0.49,0.5,0.01895999999999999,0.0385,0.39962644444444445,Luis Castillo,1,0.31,1,6.31,2026-05-09 00:00:00
Dansby Swanson,CHC,TEX,0.3,0.1,0.0,0.1,0.4166666666666667,0.5,0.4,1.3055555555555556,0.7222222222222222,0.2490079365079365,0.190,1.0309222222222223,0.21575,1.4464750000000002,0.55,0.7,0.017780000000000004,0.28968421052631577,0.5670645233918129,Jack Leiter,0.8571428571428571,0.2595,1.65,5.529999999999999,2026-05-09 00:00:00
Manny Machado,SDP,STL,0.3,0.0,0.0,0.1,0.4722222222222222,0.4,0.5,1.3611111111111112,0.8333333333333333,0.24305555555555558,0.196,1.0853333333333333,0.21150000000000002,0.6632500000000001,0.54,0.6,0.017139999999999975,0.18403225806451615,0.4668506989247312,Dustin May,0.8333333333333334,0.26,0,5.27,2026-05-09 00:00:00
Lawrence Butler,ATH,BAL,0.4,0.1,0.0,0.1,0.53125,0.3,0.3,1.21875,0.875,0.43191964285714285,0.179,1.2159,0.243,1.215725,0.63,0.8,0.016579999999999998,0.20533333333333334,0.5752179444444444,Shane Baz,1.5714285714285714,0.288,0.8999999999999999,4.955,2026-05-09 00:00:00
Brent Rooker,ATH,BAL,0.4,0.1,0.0,0.2,0.55,0.4,0.6,1.4500000000000002,1.0499999999999998,0.37142857142857144,0.214,1.3691999999999998,0.2125,0.7877500000000001,0.62,0.7,0.013679999999999984,0.17347826086956522,0.5274366908212561,Shane Baz,1.2857142857142858,0.235,1.4,4.34,2026-05-09 00:00:00
Rob Refsnyder,SEA,CHW,0.1,0.0,0.0,0.1,0.1818181818181818,0.1,0.1,0.45454545454545464,0.4545454545454546,0.2727272727272727,0.000,0.7026954545454546,0.16,1.1445500000000002,0.34,0.6,0.01265999999999999,0.08836363636363637,0.38572704040404043,Anthony Kay,1,0.212,1.2,4.21,2026-05-09 00:00:00
Josh Lowe,LAA,TOR,0.3,0.0,0.0,0.1,0.4333333333333333,0.2,0.3,1,0.8666666666666666,0.04166666666666666,0.121,0.8666666666666666,0.0785,0.20385,0.25,0.3,0.01166000000000001,0.11048148148148149,0.2242835925925926,Trey Yesavage,,0,0,0,2026-05-09 00:00:00
Josh Bell,MIN,CLE,0.2,0.1,0.0,0.1,0.3636363636363636,0.4,0.2,0.9393939393939392,0.6060606060606061,0.2334280303030303,0.149,0.9060106060606061,0.21250000000000002,1.34415,0.50,0.7,0.010420000000000013,0.1783157894736842,0.5039074210526315,Tanner Bibee,0.8125,0.271,1.3,4.63,2026-05-09 00:00:00
Aaron Judge,NYY,MIL,0.2,0.0,0.0,0.2,0.4,0.5,0.3,1.2,1,0.21666666666666667,0.333,1.1987999999999999,0.2205,1.38255,0.69,0.9,0.009159999999999974,0.4693333333333333,0.7349285555555556,Kyle Harrison,0.6666666666666666,0.185,0.8,1.54,2026-05-09 00:00:00
Amed Rosario,NYY,MIL,0.2,0.0,0.1,0.1,0.4117647058823529,0.2,0.4,1.0588235294117645,0.8823529411764706,0.16911764705882354,0.000,1.1242029411764705,0.239,1.236325,0.61,0.8,0.008340000000000014,0.40149999999999997,0.6467317222222221,Kyle Harrison,0.5,0.259,0.4,2.9,2026-05-09 00:00:00
Keibert Ruiz,WSN,MIA,0.1,0.2,0.0,0.0,0.3181818181818182,0.2,0.4,0.8636363636363635,0.6363636363636364,0.2353896103896104,0.000,0.8568636363636364,0.189,0.63375,0.46,0.6,0.007760000000000003,0.18787500000000001,0.43875888888888886,Janson Junk,0.7142857142857143,0.211,0.7,2.715,2026-05-09 00:00:00
Freddy Fermin,SDP,STL,0.2,0.1,0.0,0.0,0.3,0.5,0.1,0.85,0.4,0.29423076923076924,0.000,0.7160500000000001,0.215,0.9492,0.50,0.6,0.004539999999999975,0.13416666666666668,0.4518397777777778,Dustin May,1.0769230769230769,0.315,0.6,5.18,2026-05-09 00:00:00
Juan Brito,CLE,MIN,0.1,0.1,0.0,0.0,0.2857142857142857,0.3,0.1,0.6428571428571428,0.4285714285714284,0.2700892857142857,0.000,0.6774214285714284,0.16775,0.798675,0.50,0.5,0.0036199999999999843,0.08066666666666666,0.4016371666666667,Joe Ryan,0.9375,0.2145,0.7,3.69,2026-05-09 00:00:00
Davis Schneider,TOR,LAA,0.0,0.1,0.0,0.1,0.1764705882352941,0.4,0.2,0.7647058823529411,0.47058823529411764,0.15126050420168066,0.000,0.6511882352941176,0.1495,1.3663750000000001,0.43,0.5,0.0012399999999999842,0.06809090909090909,0.42550239898989906,Jack Kochanowicz,0.42857142857142855,0.192,0.4,3.03,2026-05-09 00:00:00
Mookie Betts,LAD,ATL,0.3,0.1,0.0,0.3,0.625,0.9,0.9,2.375,1.5,0.09375,0.000,1.5,0.1135,0.7711,0.26,0.6,-0.0011000000000000038,0.454,0.4472082222222222,Spencer Strider,,0,0,0,2026-05-09 00:00:00
Harrison Bader,SFG,PIT,0.2,0.0,0.0,0.1,0.3076923076923077,0.2,0.1,0.6153846153846154,0.5384615384615385,0.19780219780219782,0.000,0.7582615384615385,0.1525,0.579,0.36,0.4,-0.004240000000000015,0.034125,0.3159794444444445,Braxton Ashcraft,0.7142857142857143,0.214,0.4,3.43,2026-05-09 00:00:00
Patrick Bailey,SFG,PIT,0.4,0.0,0.0,0.0,0.391304347826087,0.1,0.1,0.6086956521739131,0.391304347826087,0.21428571428571427,0.000,0.628604347826087,0.1745,0.9950249999999999,0.50,0.5,-0.004800000000000013,0.10733333333333335,0.4220826111111112,Braxton Ashcraft,0.8571428571428571,0.211,0.65,3.02,2026-05-09 00:00:00
JJ Bleday,CIN,HOU,0.3,0.2,0.0,0.4,0.8181818181818182,0.5,0.5,1.9090909090909092,2.090909090909091,0.13636363636363635,0.278,2.090909090909091,0.155,0.80015,0.41,0.8,-0.010839999999999989,0.775,0.671849,Spencer Arrighetti,,0,0,0,2026-05-09 00:00:00
Alek Thomas,ARI,NYM,0.1,0.3,0.0,0.1,0.4642857142857143,0.4,0.3,1.0714285714285716,0.9285714285714285,0.33035714285714285,0.000,1.1532714285714285,0.1785,0.9281499999999999,0.62,0.6,-0.01378,0.12145454545454547,0.5125873838383838,Clay Holmes,1,0.19,0.8,1.93,2026-05-09 00:00:00
Addison Barger,TOR,LAA,0.0,0.1,0.0,0.0,0.125,0.1,0.3,0.5,0.25,0.13839285714285715,0.000,0.4306,0.124,1.274775,0.39,0.4,-0.020020000000000017,0.032,0.36477205555555564,Jack Kochanowicz,0.42857142857142855,0.192,0.4,3.03,2026-05-09 00:00:00
Junior Caminero,TBR,BOS,0.2,0.0,0.0,0.1,0.3333333333333333,0.3,0.1,0.7083333333333333,0.625,0.031249999999999997,0.209,0.625,0.1025,1.6188999999999998,0.31,0.4,-0.022120000000000015,0.435625,0.49372900000000003,Payton Tolle,,0,0,0,2026-05-09 00:00:00
Austin Wells,NYY,MIL,0.2,0.0,0.0,0.1,0.25,0.1,0.1,0.4375,0.4375,0.140625,0.250,0.6793499999999999,0.192,1.279625,0.55,0.6,-0.025180000000000015,0.125,0.5107075,Kyle Harrison,0.5,0.259,0.4,2.9,2026-05-09 00:00:00
Jose Trevino,CIN,HOU,0.0,0.1,0.0,0.0,0.1428571428571428,0.0,0.0,0.1428571428571428,0.2857142857142856,0.0357142857142857,0.000,0.2857142857142856,0.028,0.23175,0.17,0.1,-0.026240000000000013,0.03733333333333333,0.14865388888888892,Spencer Arrighetti,,0,0,0,2026-05-09 00:00:00
Jordan Beck,COL,PHI,0.1,0.1,0.0,0.0,0.1111111111111111,0.0,0.3,0.3888888888888889,0.16666666666666666,0.2638888888888889,0.000,0.49496666666666667,0.1635,1.0160749999999998,0.44,0.5,-0.027220000000000005,0.02041666666666667,0.39401227777777775,Aaron Nola,1,0.278,1.45,5.07,2026-05-09 00:00:00
Paul Goldschmidt,NYY,MIL,0.0,0.2,0.1,0.1,0.3076923076923077,0.5,0.1,0.9230769230769231,0.8461538461538463,0.20192307692307693,0.000,1.0880038461538462,0.20950000000000002,1.519425,0.62,0.8,-0.03400000000000003,0.2285714285714286,0.6551377222222222,Kyle Harrison,0.5,0.259,0.4,2.9,2026-05-09 00:00:00
Ketel Marte,ARI,NYM,0.3,0.0,0.0,0.2,0.5454545454545454,0.4,0.3,1.1818181818181817,1.0909090909090908,0.1958874458874459,0.140,1.2806090909090908,0.1835,1.0428250000000001,0.58,0.6,-0.035360000000000016,0.21745454545454546,0.5591501060606062,Clay Holmes,0.5714285714285714,0.183,0.65,1.665,2026-05-09 00:00:00
Ke'Bryan Hayes,CIN,HOU,0.1,0.0,0.0,0.0,0.2333333333333333,0.2,0.1,0.5,0.43333333333333324,0.025,0.229,0.43333333333333324,0.0475,0.31705,0.23,0.2,-0.04038000000000003,0.08233333333333334,0.22512300000000002,Spencer Arrighetti,,0,0,0,2026-05-09 00:00:00
Bo Naylor,CLE,MIN,0.2,0.0,0.0,0.1,0.3076923076923077,0.1,0.2,0.5769230769230771,0.5384615384615385,0.3317307692307692,0.000,0.8527615384615386,0.1785,0.6027,0.57,0.6,-0.043000000000000024,0.0791,0.4749766666666667,Joe Ryan,1.25,0.244,1.4,5.49,2026-05-09 00:00:00
Gary Sánchez,MIL,NYY,0.1,0.0,0.0,0.1,0.2727272727272727,0.2,0.3,0.8181818181818181,0.7272727272727275,0.04545454545454547,0.000,0.7272727272727275,0.06,0.61345,0.22,0.3,-0.050220000000000015,0.12857142857142856,0.31163811111111117,Cam Schlittler,,0,0,0,2026-05-09 00:00:00
Luis Torrens,NYM,ARI,0.1,0.1,0.0,0.0,0.2857142857142857,0.2,0.2,0.7142857142857143,0.4285714285714284,0.0357142857142857,0.000,0.4285714285714284,0.0645,0.12869999999999998,0.35,0.2,-0.050980000000000025,0.080625,0.2746658888888889,Merrill Kelly,,0,0,0,2026-05-09 00:00:00
Rafael Marchán,PHI,COL,0.1,0.0,0.0,0.1,0.2222222222222222,0.2,0.2,0.6666666666666666,0.5555555555555556,0.2277777777777778,0.000,0.8698555555555556,0.2,0.7578499999999999,0.55,0.7,-0.05714,0.0625,0.5266109999999999,Kyle Freeland,0.8,0.275,0.85,4.69,2026-05-09 00:00:00
Jahmai Jones,DET,KCR,0.0,0.0,0.0,0.0,0,0.1,0.0,0.125,0,0.25,0.000,0.25934999999999997,0.1045,0.7419499999999999,0.41,0.3,-0.07,0,0.3453503333333333,Michael Wacha,1,0.209,1.05,3.215,2026-05-09 00:00:00
Justin Crawford,PHI,COL,0.1,0.0,0.0,0.0,0.06666666666666667,0.1,0.1,0.33333333333333326,0.06666666666666667,0.2,0.350,0.3809666666666666,0.1655,0.8787499999999999,0.52,0.5,-0.07112,0.022400000000000003,0.45928366666666665,Kyle Freeland,0.8,0.275,0.85,4.69,2026-05-09 00:00:00
Blake Perkins,MIL,NYY,0.0,0.0,0.0,0.0,0,0.3,0.2,0.41666666666666674,0,0,0.000,0,0,0.165,0.12,0.0,-0.07574,0,0.13658444444444445,Cam Schlittler,,0,0,0,2026-05-09 00:00:00
Felix Reyes,PHI,COL,0.3,0.0,0.0,0.1,0.4285714285714285,0.3,0.3,0.9999999999999999,0.8571428571428569,0.2357142857142857,0.000,1.1714428571428568,0.2315,0.7620499999999999,0.73,0.7,-0.09786000000000003,0.14100000000000001,0.6735074444444445,Kyle Freeland,0.8,0.275,0.85,4.69,2026-05-09 00:00:00
Austin Wynns,ATH,BAL,0.0,0.0,0.0,0.0,0,0.1,0.0,0.1111111111111111,0,0.39285714285714285,0.000,0.3409,0.144,1.088425,0.45,0.4,-0.11200000000000002,0,0.4645555,Shane Baz,1.5714285714285714,0.288,0.8999999999999999,4.955,2026-05-09 00:00:00
Carlos Santana,ARI,NYM,0.0,0.1,0.0,0.0,0.1428571428571428,0.0,0.0,0.1428571428571428,0.2857142857142856,0.17857142857142855,0.000,0.47541428571428557,0.11549999999999999,0.793925,0.55,0.3,-0.12782,0.012,0.47803772222222224,Clay Holmes,0.5714285714285714,0.183,0.65,1.665,2026-05-09 00:00:00
Dylan Moore,PHI,COL,0.0,0.0,0.0,0.0,0,0.1,0.0,0.1111111111111111,0,0.25,0.000,0.2989,0.128,1.362,0.51,0.4,-0.14,0,0.5325533333333333,Kyle Freeland,1,0.256,1.7,5.23,2026-05-09 00:00:00
Drew Romo,CHW,SEA,0.0,0.0,0.0,0.3,0.2857142857142857,0.4,0.4,1.1428571428571428,1.1428571428571428,0.3214285714285714,0.000,1.4732571428571428,0.2385,4.2631,0.55,1.0,-0.14014000000000001,1.169,1.250579333333333,Luis Castillo,1,0.31,1,6.31,2026-05-09 00:00:00
